wavenumbers / centimeter^-1,absorbance / a.u.
1800.224,0.0
1799.742,0.0
1799.26,0.0
1798.778,5.161343142390425e-06
1798.296,8.091470226645817e-06
1797.813,5.803164094686161e-06
1797.331,4.1821040213090716e-07
1796.849,0.0
1796.367,1.0532792657613754e-05
1795.885,4.6869972720742226e-05
1795.403,0.0001129545271396637
1794.921,0.00020384369418025017
1794.439,0.0003039643634110689
1793.956,0.00038977060467004776
1793.474,0.0004348824732005596
1792.992,0.00042160204611718655
1792.51,0.00035018776543438435
1792.028,0.00024291244335472584
1791.546,0.00013453210704028606
1791.064,5.2230432629585266e-05
1790.582,7.94953666627407e-06
1790.1,0.0
1789.617,1.767613334444952e-05
1789.135,5.84905103939333e-05
1788.653,0.00011507054881715155
1788.171,0.00018187185249677554
1787.689,0.00025120891471643297
1787.207,0.0003143831826292161
1786.725,0.00036148608253314726
1786.243,0.0003838591084520263
1785.76,0.000377284766106707
1785.278,0.00034429369176306335
1784.796,0.00029636280633872636
1784.314,0.00024901562733802875
1783.832,0.0002163949865484384
1783.35,0.00020588161537378295
1782.868,0.00021626269899126943
1782.386,0.00023800289122069725
1781.904,0.0002563193088351949
1781.421,0.00025724397586068034
1780.939,0.00023393679364788842
1780.457,0.0001911943062867334
1779.975,0.00014183453920229173
1779.493,0.00010162850887310195
1779.011,8.133322386661649e-05
1778.529,8.480878342397372e-05
1778.047,0.00010790172169303051
1777.565,0.0001426033630240256
1777.082,0.00018142354561061398
1776.6,0.00022002835985182254
1776.118,0.00025996682801988046
1775.636,0.0003068536610865008
1775.154,0.0003663673656197587
1774.672,0.00043774216163267477
1774.19,0.0005088613095988589
1773.708,0.0005566058907567001
1773.225,0.0005533852410025712
1772.743,0.00048334382633428725
1772.261,0.0003584556610936795
1771.779,0.0002145103076700034
1771.297,9.282472793285465e-05
1770.815,1.9054064845166682e-05
1770.333,0.0
1769.851,2.3062037223059613e-05
1769.369,7.40779543538456e-05
1768.886,0.0001331535370453548
1768.404,0.00018114521694572068
1767.922,0.0002075132164780216
1767.44,0.00021254880677746679
1766.958,0.00020826022829050633
1766.476,0.00021125203119995786
1765.994,0.0002366053547872152
1765.512,0.0002914706609495306
1765.029,0.0003735864656450958
1764.547,0.00047133847787652304
1764.065,0.0005642373681716299
1763.583,0.0006283167142259035
1763.101,0.0006425414315384369
1762.619,0.0005992439413524189
1762.137,0.0005077865966798172
1761.655,0.0003946175616558476
1761.173,0.00029070564019291305
1760.69,0.0002183916310415316
1760.208,0.00018719178826912593
1759.726,0.00019578223683587928
1759.244,0.0002378493081778288
1758.762,0.0003001668247515745
1758.28,0.0003665411824603443
1757.798,0.0004200099704220247
1757.316,0.0004490813665577898
1756.833,0.0004518389418397264
1756.351,0.0004364867168276205
1755.869,0.0004193314513110599
1755.387,0.0004174952779937048
1754.905,0.00044486351797114274
1754.423,0.0005061384189226055
1753.941,0.000597351848188302
1753.459,0.0007028566551921158
1752.977,0.0007971485712282038
1752.494,0.000850051115064517
1752.012,0.0008361382490914802
1751.53,0.000748057414413146
1751.048,0.0006003218763710365
1750.566,0.00042769837233683303
1750.084,0.00026736669647304916
1749.602,0.00014292912395751957
1749.12,6.0951711771928783e-05
1748.637,1.6242569393437427e-05
1748.155,0.0
1747.673,2.616783799846631e-06
1747.191,1.933588685516449e-05
1746.709,4.714145383870501e-05
1746.227,8.34022656465358e-05
1745.745,0.00012614321992853936
1745.263,0.0001731235545701943
1744.781,0.00022222870166583447
1744.298,0.0002739080243577118
1743.816,0.00033271708701955796
1743.334,0.00040648295739908503
1742.852,0.0005009048639916525
1742.37,0.0006157045741780921
1741.888,0.0007410396381592275
1741.406,0.0008597755832072812
1740.924,0.0009485129296350394
1740.442,0.0009862582696268073
1739.959,0.0009636851060897417
1739.477,0.0008945902844748402
1738.995,0.0008125873319757681
1738.513,0.0007573210207793991
1738.031,0.0007602744776899692
1737.549,0.0008363027634338809
1737.067,0.0009839090098030835
1736.585,0.0011813300708739625
1736.102,0.001388145848416275
1735.62,0.001541684852416422
1735.138,0.0015688699257346232
1734.656,0.00141774165061051
1734.174,0.0011130326949968569
1733.692,0.0007619734446590969
1733.21,0.0004747230620291854
1732.728,0.00030063233033599673
1732.246,0.00023403089208398446
1731.763,0.0002521826020897046
1731.281,0.00032678456731059097
1730.799,0.0004315031762881071
1730.317,0.000544851653072654
1729.835,0.0006506946012283746
1729.353,0.0007405835280196449
1728.871,0.000812892344231186
1728.389,0.0008716809177963906
1727.906,0.0009231153026511424
1727.424,0.0009726632936310122
1726.942,0.0010215155866476443
1726.46,0.001066941543912266
1725.978,0.0011030510158017218
1725.496,0.0011228590830063955
1725.014,0.0011212634948012563
1724.532,0.001098179035170727
1724.05,0.001060760589794289
1723.567,0.0010211162834645217
1723.085,0.0009949877959988616
1722.603,0.0009966639439983466
1722.121,0.0010366267630402739
1721.639,0.0011188818715180647
1721.157,0.0012404359986769049
1720.675,0.00139096543377718
1720.193,0.0015477044621437057
1719.71,0.001674895419185406
1719.228,0.0017247074401151793
1718.746,0.001651537383744404
1718.264,0.0014365632208401015
1717.782,0.0011120897375479586
1717.3,0.0007643276019549811
1716.818,0.00048338436863100756
1716.336,0.0003189898690927843
1715.854,0.00027225261003474555
1715.371,0.0003180124464423669
1714.889,0.00042114082212372714
1714.407,0.0005475431817753718
1713.925,0.0006709124566321376
1713.443,0.0007754648245300831
1712.961,0.0008568980408357758
1712.479,0.0009216810721524929
1711.997,0.0009789902398079208
1711.514,0.0010359571464171775
1711.032,0.0010952132439148391
1710.55,0.0011546304602179092
1710.068,0.0012106772201234458
1709.586,0.0012613176524833378
1709.104,0.0013079696959174408
1708.622,0.0013541644599674076
1708.14,0.0014019252429265903
1707.658,0.0014477162786404613
1707.175,0.0014804613477291187
1706.693,0.0014845603314064659
1706.211,0.001450522586975882
1705.729,0.0013819076293175511
1705.247,0.001301498868235577
1704.765,0.001242372690628716
1704.283,0.001236826432062058
1703.801,0.001307669579371798
1703.319,0.001465185330765553
1702.836,0.0017082393353474393
1702.354,0.0020155117567393632
1701.872,0.0023415023648971963
1701.39,0.0026108145438090806
1700.908,0.0027357079280592046
1700.426,0.002663334618151013
1699.944,0.002424465977611088
1699.462,0.002121108371053202
1698.979,0.0018541761873723875
1698.497,0.0016823264506243673
1698.015,0.0016194647381707235
1697.533,0.0016540733837311864
1697.051,0.0017614946908202367
1696.569,0.0019141410221326146
1696.087,0.002080494093436896
1695.605,0.0022285275840372015
1695.123,0.0023328280291787153
1694.64,0.002390359317268189
1694.158,0.002425116043118016
1693.676,0.0024689634086186643
1693.194,0.0025444794669465375
1692.712,0.0026545061489380746
1692.23,0.0027872827131210313
1691.748,0.0029238818908114955
1691.266,0.003042581048617852
1690.783,0.003126929304582091
1690.301,0.00317068493480914
1689.819,0.0031835155332847944
1689.337,0.0031868121825641103
1688.855,0.0032066584339943433
1688.373,0.0032659285013306224
1687.891,0.003379186406994788
1687.409,0.00355246991523807
1686.927,0.003782832321434386
1686.444,0.004058738729835835
1685.962,0.004351931416544722
1685.48,0.004614654953902489
1684.998,0.004786693749524798
1684.516,0.004838498800764247
1684.034,0.004802962558311108
1683.552,0.0047345944011350505
1683.07,0.004660920499251408
1682.587,0.004593082264620307
1682.105,0.0045538905810618025
1681.623,0.004562472020290774
1681.141,0.004627154468769431
1680.659,0.00474251669779094
1680.177,0.004895241725860873
1679.695,0.005070140613109826
1679.213,0.005257264971795756
1678.731,0.005453399876391091
1678.248,0.0056631404724789836
1677.766,0.005890905885675984
1677.284,0.0061322909602041595
1676.802,0.006369682523532386
1676.32,0.006572959740952447
1675.838,0.006711883499789153
1675.356,0.006770976150174969
1674.874,0.006765328843108966
1674.391,0.006731685048127446
1673.909,0.006710939139481774
1673.427,0.006732284354595851
1672.945,0.0068076043695217674
1672.463,0.006933455153378596
1671.981,0.007091975801830361
1671.499,0.007260322834766894
1671.017,0.00741787304509591
1670.535,0.007558759100597331
1670.052,0.007691687936021235
1669.57,0.007832273174331056
1669.088,0.007988016618865317
1668.606,0.008147661373664643
1668.124,0.008293435010037646
1667.642,0.008414809857600873
1667.16,0.008519102386500502
1666.678,0.008621353456316573
1666.195,0.008737502652913632
1665.713,0.00887787741232159
1665.231,0.009040663518165093
1664.749,0.009212166803306998
1664.267,0.00936928860525169
1663.785,0.00948959243185411
1663.303,0.009563033037824452
1662.821,0.00959777719081952
1662.339,0.009619668160962321
1661.856,0.009652677260000882
1661.374,0.009708513075343268
1660.892,0.00978552902867756
1660.41,0.009875753930087623
1659.928,0.009969772108344094
1659.446,0.010058558116376374
1658.964,0.010139117752107078
1658.482,0.010214695743386163
1658.0,0.010294412532186839
1657.517,0.010390756222912126
1657.035,0.010515619804839862
1656.553,0.01067662708456585
1656.071,0.01087359831683319
1655.589,0.011096170675354133
1655.107,0.011319866208900064
1654.625,0.01149919912292676
1654.143,0.011585073816590795
1653.66,0.011570635755742995
1653.178,0.011520673326609063
1652.696,0.011484209486871608
1652.214,0.0114106883218902
1651.732,0.011275837702725217
1651.25,0.011133281320577865
1650.768,0.01104798823825332
1650.286,0.011044731636236354
1649.804,0.011110379866224889
1649.321,0.011212189489140593
1648.839,0.011305393691466851
1648.357,0.011346633819419862
1647.875,0.011307703837504825
1647.393,0.011210143374227445
1646.911,0.011123883579070449
1646.429,0.01110891093906482
1645.947,0.011165072717308322
1645.464,0.011243401835472821
1644.982,0.011305397418323712
1644.5,0.01133921304271189
1644.018,0.011354143307932016
1643.536,0.01136587913672121
1643.054,0.011384918397140538
1642.572,0.011416318170770164
1642.09,0.011458331296460107
1641.608,0.011504337933350001
1641.125,0.011545542671045177
1640.643,0.011575476542942357
1640.161,0.011593832212591918
1639.679,0.011607793902334443
1639.197,0.011628937951772403
1638.715,0.01166796339464298
1638.233,0.01172681669512712
1637.751,0.011796827240055152
1637.268,0.011859985113479165
1636.786,0.01189714977384566
1636.304,0.011909608308952756
1635.822,0.011921720392062095
1635.34,0.011950244241581308
1634.858,0.011981774400371379
1634.376,0.011991049674918439
1633.894,0.011975164338789685
1633.412,0.011946484493130866
1632.929,0.011922425870087289
1632.447,0.011913730344234569
1631.965,0.011923903413743558
1631.483,0.01195288919925978
1631.001,0.011997802463447076
1630.519,0.01205250206524843
1630.037,0.012107084320405383
1629.555,0.012149158913385251
1629.072,0.012168334146900474
1628.59,0.012159674011305589
1628.108,0.012129809523331859
1627.626,0.01209354871191567
1627.144,0.012067225112370626
1626.662,0.012061710984432792
1626.18,0.012079133468862588
1625.698,0.012114422445563808
1625.216,0.012154347546041463
1624.733,0.012183461854072982
1624.251,0.01218886655199994
1623.769,0.01217062869504771
1623.287,0.012140069440433315
1622.805,0.012112410324316274
1622.323,0.012096657235993118
1621.841,0.012093678168103387
1621.359,0.012103935056644092
1620.877,0.01213072478352937
1620.394,0.012182306317350913
1619.912,0.012263725563817985
1619.43,0.012373693572487321
1618.948,0.012501978833554195
1618.466,0.012629055237919217
1617.984,0.012729350530328597
1617.502,0.012778279657457635
1617.02,0.012770489377147441
1616.537,0.012724961906113828
1616.055,0.012672011794160528
1615.573,0.01263734540699208
1615.091,0.012632464578404985
1614.609,0.012660343952702564
1614.127,0.01271499326308489
1613.645,0.012787738171091995
1613.163,0.012867212816023271
1612.681,0.012942112804468034
1612.198,0.013005218523827869
1611.716,0.013054982115983762
1611.234,0.013095981962712524
1610.752,0.013135534534160333
1610.27,0.01318201987085358
1609.788,0.013242033599265691
1609.306,0.013318811134020881
1608.824,0.01341387425620607
1608.341,0.013527556379302972
1607.859,0.01365883304847951
1607.377,0.013805204593945417
1606.895,0.013961749907216423
1606.413,0.0141224787214926
1605.931,0.01428015466036919
1605.449,0.01442888617723917
1604.967,0.014566175464957426
1604.485,0.014693579694868713
1604.002,0.014817226969514001
1603.52,0.014945720846837589
1603.038,0.015088208777167348
1602.556,0.015249544813762176
1602.074,0.01542985375384707
1601.592,0.015624650347902681
1601.11,0.015828117555127964
1600.628,0.016036163144130054
1600.145,0.016247798050334716
1599.663,0.016465816241465793
1599.181,0.016693507148856822
1598.699,0.01693282468726935
1598.217,0.017182243350326164
1597.735,0.017436856930704177
1597.253,0.01769001764786579
1596.771,0.017936737338101368
1596.289,0.01817535265929264
1595.806,0.018407946048716445
1595.324,0.018638294950735428
1594.842,0.018868420335336505
1594.36,0.019096034874276416
1593.878,0.019313937581408237
1593.396,0.01951268298318022
1592.914,0.01968462864654507
1592.432,0.01982672355874834
1591.949,0.019940318137523227
1591.467,0.0200290091506529
1590.985,0.020094657380641433
1590.503,0.020134124270412376
1590.021,0.020139756211047542
1589.539,0.020101850683964584
1589.057,0.020013772947141937
1588.575,0.019875832199674377
1588.093,0.0196953113840954
1587.61,0.01948348322884815
1587.128,0.019249826735097057
1586.646,0.018999469764937965
1586.164,0.018732179487727214
1585.682,0.018445154485160358
1585.2,0.018138256921496357
1584.718,0.017815666572450088
1584.236,0.017486273843318828
1583.754,0.017159296964946114
1583.271,0.01684013202032928
1582.789,0.016527465844638115
1582.307,0.016215375226298057
1581.825,0.015898063613604706
1581.343,0.015574590370757702
1580.861,0.015252517837062917
1580.379,0.014944552977728408
1579.897,0.014663415796478271
1579.414,0.014413241365543802
1578.932,0.01418501634504787
1578.45,0.013953697470959066
1577.968,0.013682074681131202
1577.486,0.013328501092672624
1577.004,0.01287273347810149
1576.522,0.012338080978815273
1576.04,0.011791561567283308
1575.558,0.011307373713025207
1575.075,0.010921215010325983
1574.593,0.010629654466820751
1574.111,0.010411992506966108
1573.629,0.010253517959373428
1573.147,0.010142650759149942
1572.665,0.010068336107334963
1572.183,0.010016542698019337
1571.701,0.009964400974060804
1571.218,0.009880830838499298
1570.736,0.00972998009750242
1570.254,0.009494028824927479
1569.772,0.009189796706472029
1569.29,0.008865855939692564
1568.808,0.008575569445469406
1568.326,0.00834586455340241
1567.844,0.008177977128548092
1567.362,0.008055690982237245
1566.879,0.007959786410497532
1566.397,0.007870091897685354
1565.915,0.007768116034081722
1565.433,0.007643413105689747
1564.951,0.007498950306232157
1564.469,0.0073520753813063125
1563.987,0.007226608768403154
1563.505,0.007145782309146465
1563.022,0.007126161438170931
1562.54,0.007178041926538925
1562.058,0.007302260101922451
1561.576,0.007487409125427622
1561.094,0.007695943658781387
1560.612,0.00784519392232543
1560.13,0.007791747415439861
1559.648,0.0073800779247767696
1559.166,0.006647250226160702
1558.683,0.005939940766089096
1558.201,0.00554142248150215
1557.719,0.005376002130147987
1557.237,0.005292088336556448
1556.755,0.005239244395376656
1556.273,0.005211035798940592
1555.791,0.00520615776432122
1555.309,0.005212261885501715
1554.826,0.005215344796250155
1554.344,0.005205869753402481
1553.862,0.005184121741666525
1553.38,0.005157337137447048
1552.898,0.005135431732195982
1552.416,0.005123406728139011
1551.934,0.005117261163495588
1551.452,0.00510525106059981
1550.97,0.00507267269864365
1550.487,0.005013172595023081
1550.005,0.004934642777235394
1549.523,0.004861637564960325
1549.041,0.004818760637974068
1548.559,0.004819355054803137
1548.077,0.004860335343757832
1547.595,0.004928642499696892
1547.113,0.005003218387885691
1546.631,0.00505403251190575
1546.148,0.005048282759356539
1545.666,0.004959690001150131
1545.184,0.004785779713205774
1544.702,0.004553275265479485
1544.22,0.004314259010311482
1543.738,0.0041181683439300825
1543.256,0.003986968509257591
1542.774,0.0039073695331542455
1542.291,0.0038439792951395074
1541.809,0.003757088994599497
1541.327,0.0036238924043270303
1540.845,0.003464704463642195
1540.363,0.003345012050701651
1539.881,0.003333001947805874
1539.399,0.003414650299626303
1538.917,0.003510232168485554
1538.435,0.0035632181367496168
1537.952,0.0035784520131290666
1537.47,0.003591296115782053
1536.988,0.003627473574219454
1536.506,0.0036977998375002825
1536.024,0.0037914296542431395
1535.542,0.003881407755170929
1535.06,0.003930622798330374
1534.578,0.003903993724980858
1534.095,0.0037939200115909445
1533.613,0.0036318030614089433
1533.131,0.0034832759702357295
1532.649,0.003395801730441435
1532.167,0.0033750623410537875
1531.685,0.003400125395885729
1531.203,0.003450974910163624
1530.721,0.0035166315220553305
1530.239,0.0035865377588550074
1529.756,0.003651637439847092
1529.274,0.003702644347640097
1528.792,0.003731978447799225
1528.31,0.0037346869668726714
1527.828,0.0037101692017998088
1527.346,0.003665810540597338
1526.864,0.0036139714964755557
1526.382,0.003572611693963345
1525.899,0.003558770610885876
1525.417,0.003582895823885178
1524.935,0.0036449752257677864
1524.453,0.003736074639075413
1523.971,0.00384480585136566
1523.489,0.003956567587313706
1523.007,0.00406181379052974
1522.525,0.0041619563460368846
1522.043,0.004288297936890534
1521.56,0.00448767570669068
1521.078,0.0047777838530324405
1520.596,0.005120781808386614
1520.114,0.00545604792372633
1519.632,0.005754678602948395
1519.15,0.006017031473921467
1518.668,0.00625900328167165
1518.186,0.006494065607240765
1517.703,0.006735424604736851
1517.221,0.006996407500202662
1516.739,0.007291049324837651
1516.257,0.007622242766558571
1515.775,0.007974020299823647
1515.293,0.008326882823888146
1514.811,0.008669633047437474
1514.329,0.009004593688972714
1513.847,0.009334549402991972
1513.364,0.009657859199118775
1512.882,0.00996946413312781
1512.4,0.01026107357145985
1511.918,0.010528531952786961
1511.436,0.010773778290709496
1510.954,0.011004611480467278
1510.472,0.011229398524070658
1509.99,0.011451216511306164
1509.508,0.011663969004600363
1509.025,0.011852000471473969
1508.543,0.012000417201313729
1508.061,0.012133172810738758
1507.579,0.012348689469434414
1507.097,0.012815173347602004
1506.615,0.01357879941849096
1506.133,0.014402661570860896
1505.651,0.01500389664970445
1505.168,0.01530751456131358
1504.686,0.015405548602511795
1504.204,0.015408453630648484
1503.722,0.015387399454230616
1503.24,0.015375187254336148
1502.758,0.01537704733854412
1502.276,0.015386242519349762
1501.794,0.015390272585156586
1501.312,0.015374661057864773
1500.829,0.015325821803755826
1500.347,0.01523256777606347
1499.865,0.015089242121469483
1499.383,0.014893808968825762
1498.901,0.014646858776644612
1498.419,0.014351578530776366
1497.937,0.01401061877526838
1497.455,0.0136307651263993
1496.972,0.01322440231176637
1496.49,0.012810158645507039
1496.008,0.012408128343491217
1495.526,0.012034749249160866
1495.044,0.011702029835793078
1494.562,0.011414706810002347
1494.08,0.01117193266824577
1493.598,0.01096717697663015
1493.116,0.010783523191910165
1492.633,0.010594488225354052
1492.151,0.010363828727648076
1491.669,0.010051155101376311
1491.187,0.009624316228617882
1490.705,0.009078493446371728
1490.223,0.008461966516905919
1489.741,0.007860825036372754
1489.259,0.007358929014680915
1488.776,0.006992684782594693
1488.294,0.006745755079510184
1487.812,0.006573387993071965
1487.33,0.006432127080625901
1486.848,0.006296881580689282
1486.366,0.006157444197844315
1485.884,0.006015069423599015
1485.402,0.005876818545714108
1484.92,0.005749194989728141
1484.437,0.005635063503880627
1483.955,0.005532630360892859
1483.473,0.005435199351453351
1482.991,0.0053346344415502595
1482.509,0.0052252974043168685
1482.027,0.0051101582274436196
1481.545,0.005001108037563208
1481.063,0.004915876422528588
1480.58,0.004872034645355029
1480.098,0.004879464038559201
1479.616,0.004938818390588483
1479.134,0.005042155382526559
1478.652,0.005178149200543523
1478.17,0.0053316136987377
1477.688,0.005486809525598088
1477.206,0.005629786400279521
1476.724,0.005752260208480794
1476.241,0.00585320277007953
1475.759,0.005937435542044518
1475.277,0.006014667562216119
1474.795,0.006098438398184096
1474.313,0.006207402441117997
1473.831,0.006373214414006427
1473.349,0.006639237627246056
1472.867,0.007043082611690156
1472.384,0.007587553579610898
1471.902,0.008209963208510907
1471.42,0.008819546662913316
1470.938,0.009354646663088273
1470.456,0.009810822663000018
1469.974,0.010217314466201177
1469.492,0.01060606084906561
1469.01,0.011000812399891167
1468.528,0.011408758928953874
1468.045,0.011826661296339223
1467.563,0.01224671501887193
1467.081,0.01266064063886367
1466.599,0.013063364310927934
1466.117,0.013452561453918483
1465.635,0.013828960362088666
1465.153,0.014190059503003064
1464.671,0.014525107688860322
1464.189,0.014817739719379289
1463.706,0.015055108930965724
1463.224,0.015239018364124082
1462.742,0.01538553147062133
1462.26,0.015517549472567262
1461.778,0.015652944450168748
1461.296,0.015797242871583562
1460.814,0.015944268205496846
1460.332,0.016077919747238656
1459.849,0.016177633894361474
1459.367,0.01621946820611709
1458.885,0.01618456712565984
1458.403,0.0160688589106935
1457.921,0.01589246571676522
1457.439,0.015717055999475732
1456.957,0.015611417244186139
1456.475,0.015588466895006352
1455.993,0.015597969412261619
1455.51,0.01559377403708944
1455.028,0.01557231007873874
1454.546,0.015546426063448918
1454.064,0.01552536816174075
1453.582,0.01550524344525235
1453.1,0.01547249371994246
1452.618,0.015413994788089603
1452.136,0.015323389441799451
1451.653,0.015204041618211516
1451.171,0.015065458258167474
1450.689,0.014916211254644082
1450.207,0.014756458932479032
1449.725,0.014574898760906781
1449.243,0.014352457253599212
1448.761,0.014072730094727044
1448.279,0.013731842982379878
1447.797,0.013347152044058248
1447.314,0.01295009686723602
1446.832,0.012570913770620668
1446.35,0.012226785655713838
1445.868,0.011918899027475597
1445.386,0.011639415875117978
1444.904,0.011376737507296722
1444.422,0.011122729752645135
1443.94,0.010873846134799081
1443.457,0.010630205863048116
1442.975,0.010392729084095952
1442.493,0.010161695194714982
1442.011,0.00993717311277572
1441.529,0.009720926763234492
1441.047,0.009519026506632642
1440.565,0.0093421695140622
1440.083,0.00920261385325026
1439.601,0.009109341199106408
1439.118,0.00906302955446497
1438.636,0.009052283256302945
1438.154,0.009055499346179557
1437.672,0.009048355403736146
1437.19,0.009015922328101627
1436.708,0.008968578778047513
1436.226,0.00893462578397122
1435.744,0.00893968775519072
1435.261,0.008993891893382379
1434.779,0.009096960664418964
1434.297,0.009246059122383344
1433.815,0.009435586293311782
1433.333,0.009660155407432702
1432.851,0.009912872815048799
1432.369,0.010187228571363515
1431.887,0.01047916397259667
1431.405,0.01078840520991133
1430.922,0.011118234264060441
1430.44,0.011471195508317851
1429.958,0.011847335508812291
1429.476,0.012239807181975187
1428.994,0.012635696808986924
1428.512,0.013020024997557382
1428.03,0.01338241308891505
1427.548,0.013722648741512914
1427.066,0.014046582523764709
1426.583,0.014363393550965844
1426.101,0.014679744504815118
1425.619,0.014996877769627073
1425.137,0.015311053153942045
1424.655,0.015615799828511613
1424.173,0.015906114728464937
1423.691,0.016178037870214754
1423.209,0.016430200209576383
1422.726,0.01666289418183825
1422.244,0.016879379416011506
1421.762,0.01707951993900026
1421.28,0.017256491018977735
1420.798,0.017394910932301572
1420.316,0.017474515962393293
1419.834,0.01748227318114373
1419.352,0.017421716026400975
1418.87,0.017322481045134435
1418.387,0.017218114476481763
1417.905,0.017124664871048738
1417.423,0.017037456989510782
1416.941,0.016945747094647134
1416.459,0.016843824316430257
1415.977,0.016728714010556825
1415.495,0.016600215011350717
1415.013,0.0164570849344974
1414.53,0.016296015722211843
1414.048,0.016113088369100057
1413.566,0.015905380384922903
1413.084,0.015673417035612466
1412.602,0.015421255162303768
1412.12,0.015157380976296705
1411.638,0.014892582918295622
1411.156,0.014635427293341836
1410.674,0.014390960007144609
1410.191,0.014158961267576337
1409.709,0.013936108115690786
1409.227,0.013718194698740997
1408.745,0.013503295041642664
1408.263,0.01329231997787376
1407.781,0.013086750310327924
1407.299,0.01288652457171523
1406.817,0.012687984526962594
1406.334,0.012485208827140604
1405.852,0.012271886830483669
1405.37,0.012045937962360097
1404.888,0.011812870064476165
1404.406,0.011583987530242555
1403.924,0.011372626898927759
1403.442,0.011188598722532781
1402.96,0.011037133308636655
1402.478,0.010916589666862915
1401.995,0.010819081357649713
1401.513,0.01073228325804459
1401.031,0.010638882081385442
1400.549,0.010521555227784422
1400.067,0.010366859987199533
1399.585,0.010174500199052042
1399.103,0.009957505066160824
1398.621,0.009736354371941671
1398.138,0.009530462466785019
1397.656,0.009350735138039613
1397.174,0.009199908611429674
1396.692,0.009074348866269056
1396.21,0.008969123618202589
1395.728,0.008880349252094133
1395.246,0.008807249044916452
1394.764,0.008748461403065464
1394.282,0.008700486416305761
1393.799,0.008656797376034437
1393.317,0.008613302050858637
1392.835,0.008570052594842531
1392.353,0.008530811551187574
1391.871,0.008500615512377279
1391.389,0.008480079151310898
1390.907,0.008465268561433252
1390.425,0.00844848729298772
1389.943,0.008419287769332266
1389.46,0.008367019385503584
1388.978,0.008282728406269327
1388.496,0.008164341707578394
1388.014,0.008018866560482197
1387.532,0.00786304814487232
1387.05,0.007721246134010406
1386.568,0.007613102120995096
1386.086,0.007547212213190088
1385.603,0.007520024346295805
1385.121,0.007523305628752638
1384.639,0.007546824550755867
1384.157,0.007580256470243303
1383.675,0.007614910284948635
1383.193,0.007642670449956663
1382.711,0.007657995595948423
1382.229,0.0076587660327440965
1381.747,0.007646943125685816
1381.264,0.007627108981840696
1380.782,0.00760413255562882
1380.3,0.007581863934573654
1379.818,0.00756208380743786
1379.336,0.007544920696736734
1378.854,0.007530328036341551
1378.372,0.007518750998442968
1377.89,0.007511489709355158
1377.407,0.0075093097162344455
1376.925,0.007511823588889797
1376.443,0.007516120012952963
1375.961,0.007517622469292282
1375.479,0.007511875510710794
1374.997,0.007499234902432001
1374.515,0.007486983586989401
1374.033,0.0074841181404537716
1373.551,0.007497072139170563
1373.068,0.007524390857278223
1372.586,0.007560396952361896
1372.104,0.007596864983442579
1371.622,0.0076272626539819165
1371.14,0.007648307983226969
1370.658,0.007657706192353876
1370.176,0.007655893140327564
1369.694,0.00764536663429315
1369.211,0.0076317015711822814
1368.729,0.007620348050701609
1368.247,0.007614759416957804
1367.765,0.007615297023109823
1367.283,0.007619684716785299
1366.801,0.007624800704714127
1366.319,0.007627523193626192
1365.837,0.007626175802887188
1365.355,0.007617735459419912
1364.872,0.007597398401384497
1364.39,0.007558434891856775
1363.908,0.007497006019184176
1363.426,0.007416961870890165
1362.944,0.007329802418126089
1362.462,0.007254247244641724
1361.98,0.007205398677307032
1361.498,0.007188723579635006
1361.015,0.007199548574946226
1360.533,0.007228435640269537
1360.051,0.007266244775857668
1359.569,0.007304109790800272
1359.087,0.007336437161714214
1358.605,0.007360421745004751
1358.123,0.007375636994932709
1357.641,0.007383541362649935
1357.159,0.0073861427796272985
1356.676,0.007385123214434561
1356.194,0.007380726673586264
1355.712,0.007372751991406296
1355.23,0.007361448762344652
1354.748,0.007347951337297215
1354.266,0.00733478546308634
1353.784,0.007324730206274679
1353.302,0.007319750657494677
1352.82,0.007319908284036249
1352.337,0.007323569546103527
1351.855,0.0073285402477107145
1351.373,0.0073331942996425325
1350.891,0.007337904230928827
1350.409,0.0073450188371027795
1349.927,0.007358429183881132
1349.445,0.007381327845049666
1348.963,0.007414759764537102
1348.48,0.007456940528290476
1347.998,0.007504074065495655
1347.516,0.007551975012502318
1347.034,0.007597763719909752
1346.552,0.007641287450815722
1346.07,0.007684529922304156
1345.588,0.007730411761969052
1345.106,0.007780955802442473
1344.624,0.007836203021917702
1344.141,0.007893828839248499
1343.659,0.007950588526584904
1343.177,0.0080026450349195
1342.695,0.008047202533883292
1342.213,0.008082912468388239
1341.731,0.008110264714108584
1341.249,0.008132444394249516
1340.767,0.008156030371478117
1340.284,0.008194053711258408
1339.802,0.008261458415622668
1339.32,0.00837072979500619
1338.838,0.008526842974602575
1338.356,0.00872494762644322
1337.874,0.008953746807698044
1337.392,0.009199483021294825
1336.91,0.009451297046013546
1336.428,0.009700380432943495
1335.945,0.009940893789541832
1335.463,0.010170736052080225
1334.981,0.010390479052619486
1334.499,0.010603116061914433
1334.017,0.010812558634778448
1333.535,0.011021887586288361
1333.053,0.011232185113275873
1332.571,0.011442119424459286
1332.088,0.011648978508501318
1331.606,0.01184975605613111
1331.124,0.012042246695491974
1330.642,0.012225140987044001
1330.16,0.0123974442782775
1329.678,0.012557506265590254
1329.196,0.012702406321388268
1328.714,0.012828760019435389
1328.232,0.01293381809549135
1327.749,0.013016762848335646
1327.267,0.013079199878086905
1326.785,0.0131242342142089
1326.303,0.01315465609913518
1325.821,0.013171262744989613
1325.339,0.01317230885326737
1324.857,0.01315447705295767
1324.375,0.013114945436659434
1323.892,0.013053101194118556
1323.41,0.012971235378868596
1322.928,0.012873417870560622
1322.446,0.012763403761815484
1321.964,0.012642556508882418
1321.482,0.012509179242030476
1321.0,0.012359593237089926
1320.518,0.012190367501695883
1320.036,0.012000736488692017
1319.553,0.011794216872120074
1319.071,0.011577149096068036
1318.589,0.011356989329068274
1318.107,0.011139809794307282
1317.625,0.010928665229829798
1317.143,0.010724008258407084
1316.661,0.010524935497141766
1316.179,0.010330839723715193
1315.697,0.010141318606775132
1315.214,0.009955947463227557
1314.732,0.009773426166758305
1314.25,0.009591288575189795
1313.768,0.00940654141776721
1313.286,0.009217111570439463
1312.804,0.009023332446688258
1312.322,0.008828256921913191
1311.84,0.008636692483244422
1311.357,0.00845329388090988
1310.875,0.008280707933666628
1310.393,0.00811866455796802
1309.911,0.007964278516477904
1309.429,0.00781380216715602
1308.947,0.0076641342058289055
1308.465,0.0075141980236002985
1307.983,0.00736448349614445
1307.501,0.0072163298653236604
1307.018,0.007070355529327468
1306.536,0.006925970029643572
1306.054,0.006781735404216761
1305.572,0.006636915908213095
1305.09,0.006492705497173224
1304.608,0.006352799659073226
1304.126,0.006222134403558566
1303.644,0.00610474794531277
1303.161,0.006001867767489188
1302.679,0.0059108600898468006
1302.197,0.005826207757453593
1301.715,0.005741326319707026
1301.233,0.005651682098313876
1300.751,0.005556261814312964
1300.269,0.005457796105493056
1299.787,0.005360943447372386
1299.305,0.005270196540050891
1298.822,0.005187950745190489
1298.34,0.005113813044664687
1297.858,0.00504564512184217
1297.376,0.0049812881709949824
1296.894,0.004920039974901858
1296.412,0.004863196934586669
1295.93,0.004813174900807959
1295.448,0.004771985530326907
1294.965,0.00474000135217335
1294.483,0.004715646568551047
1294.001,0.004696322789476813
1293.519,0.004679535933095835
1293.037,0.004664300660124163
1292.555,0.004651341539524852
1292.073,0.004642457886512061
1291.591,0.004639191971269347
1291.109,0.0046418678940526835
1290.626,0.004649377380998271
1290.144,0.004660049639407256
1289.662,0.004672882566189345
1289.18,0.004688662197597518
1288.698,0.004709737329164958
1288.216,0.004739350826096469
1287.734,0.004779840308054343
1287.252,0.004831395764843795
1286.769,0.004891910544801051
1286.287,0.004958050513108981
1285.805,0.0050271781642362776
1285.323,0.005098459033156089
1284.841,0.005173528522309432
1284.359,0.005255446957676501
1283.877,0.005347345445753146
1283.395,0.005450645184788237
1282.913,0.005564470731561629
1282.43,0.005686020667768882
1281.948,0.005812063304076083
1281.466,0.005940300136369075
1280.984,0.006070213349296378
1280.502,0.006202823672399764
1280.02,0.006339677101153102
1279.538,0.006481477715422793
1279.056,0.006627657408438327
1278.573,0.006776554700726592
1278.091,0.006926528601911109
1277.609,0.007077089236317637
1277.127,0.007229234981746158
1276.645,0.007384809856894416
1276.163,0.007545087911044478
1275.681,0.007709353888459045
1275.199,0.00787447854528741
1274.717,0.008035693509947536
1274.234,0.008188094437761504
1273.752,0.008328883635715163
1273.27,0.00845835353909695
1272.788,0.008579886711497859
1272.306,0.008698059672049556
1271.824,0.0088168547560811
1271.342,0.008937909228678657
1270.86,0.009059809342173968
1270.378,0.009178935977042071
1269.895,0.009290783394666983
1269.413,0.009391969031457694
1268.931,0.009480289378202666
1268.449,0.00955476095826311
1267.967,0.009614973989706187
1267.485,0.00966036036576139
1267.003,0.009690370606109687
1266.521,0.009704967457848102
1266.038,0.009705393305291164
1265.556,0.009694099389455268
1265.074,0.00967398771148291
1264.592,0.00964737167664944
1264.11,0.00961481194114477
1263.628,0.009575075433880115
1263.146,0.00952597168415998
1262.664,0.009466062729929153
1262.182,0.009395994909054423
1261.699,0.00931909863106261
1261.217,0.009240024920891349
1260.735,0.009163434116704009
1260.253,0.009092017740741233
1259.771,0.009025524335907878
1259.289,0.008961465408284564
1258.807,0.008896685636988502
1258.325,0.008829372668289481
1257.842,0.008759645711477061
1257.36,0.008689510835376956
1256.878,0.008621525451779063
1256.396,0.008557606222541946
1255.914,0.008498259787146186
1255.432,0.008442944115853366
1254.95,0.008391141393311992
1254.468,0.008343317280809379
1253.986,0.008301302758527213
1253.503,0.008267768859609496
1253.021,0.008244792433397624
1252.539,0.008232827965308002
1252.057,0.008230279168447745
1251.575,0.00823440609180233
1251.093,0.008242684851194552
1250.611,0.00825440950411285
1250.129,0.008271267607062427
1249.646,0.008296861515761901
1249.164,0.008335035729799278
1248.682,0.008388023560708491
1248.2,0.008455599628426479
1247.718,0.00853516368032492
1247.236,0.008623193454426612
1246.754,0.008716580195977493
1246.272,0.008814044267760043
1245.79,0.008915988001126491
1245.307,0.009023637016585036
1244.825,0.009137594811164024
1244.343,0.009257026919836604
1243.861,0.009379761498358768
1243.379,0.009503457201777935
1242.897,0.009626907036037406
1242.415,0.009750895174745002
1241.933,0.009877844919239879
1241.45,0.010010645232148487
1240.968,0.010150942691782752
1240.486,0.010298381532919166
1240.004,0.010450700504346565
1239.522,0.010605087011889613
1239.04,0.010759887026655788
1238.558,0.010915590424319343
1238.076,0.01107471922641233
1237.594,0.011240367286527629
1237.111,0.011414607728716327
1236.629,0.011597112727432166
1236.147,0.011785090177596443
1235.665,0.011974477650138687
1235.183,0.012161829251532825
1234.701,0.01234554683224081
1234.219,0.012526153795549583
1233.737,0.012705389852028518
1233.255,0.012884797271861186
1232.772,0.013064605160400936
1232.29,0.013243630737978008
1231.808,0.013420093315829742
1231.326,0.013592871581576293
1230.844,0.013762094057732967
1230.362,0.013929023617710933
1229.88,0.014094729419825858
1229.398,0.014258894814402366
1228.915,0.014419167280616985
1228.433,0.014571989166234676
1227.951,0.014714324359662197
1227.469,0.014845219186583145
1226.987,0.014966612660597862
1226.505,0.015082405160648845
1226.023,0.015196495203033428
1225.541,0.01531035055212921
1225.059,0.015421838479240318
1224.576,0.015525520060530998
1224.094,0.015615147984170734
1223.612,0.01568575830083682
1223.13,0.01573560571202443
1222.648,0.01576631071901339
1222.166,0.01578137695732941
1221.684,0.015784194441144084
1221.202,0.015776392984962993
1220.719,0.01575797072614099
1220.237,0.015728180743973228
1219.755,0.01568695412058919
1219.273,0.01563577724681796
1218.791,0.015577110676901672
1218.309,0.01551290273766642
1217.827,0.015442987653693924
1217.345,0.015364396368616313
1216.863,0.015272101603175808
1216.38,0.015160643944440017
1215.898,0.015026529070108978
1215.416,0.014869188873412181
1214.934,0.014690841764722355
1214.452,0.014494898247307743
1213.97,0.014284524817922042
1213.488,0.01406172382010067
1213.006,0.013827387460870113
1212.523,0.013582737635448261
1212.041,0.013330257249819046
1211.559,0.013073753550667488
1211.077,0.012817322494676753
1210.595,0.012563381795250537
1210.113,0.012311259037489971
1209.631,0.012056696214583915
1209.149,0.011793432976185798
1208.667,0.01151576962813898
1208.184,0.011220671921495357
1207.702,0.010909372927343727
1207.22,0.010586655918427307
1206.738,0.010259442484120643
1206.256,0.00993344721974158
1205.774,0.009612032199784473
1205.292,0.009295672398762382
1204.81,0.008982875837910766
1204.327,0.008671874866983013
1203.845,0.008362136769466434
1203.363,0.008054909517611019
1202.881,0.007752828754302932
1202.399,0.007458755502491386
1201.917,0.007174749847711437
1201.435,0.006901463715765308
1200.953,0.006638310373430999
1200.471,0.006384103315748443
1199.988,0.006137702603886314
1199.506,0.005898569933396488
1199.024,0.00566686921705209
1198.542,0.005443339924977371
1198.06,0.005229095918971565
1197.578,0.005025474578251827
1197.096,0.0048342193386778295
1196.614,0.004656887371594337
1196.132,0.0044947937044767
1195.649,0.004348450564740959
1195.167,0.004217256318003917
1194.685,0.004099260774794323
1194.203,0.003991498604034607
1193.721,0.0038908685015512923
1193.239,0.003794630516329868
1192.757,0.0037011045424457205
1192.275,0.0036098547209339332
1191.792,0.0035211120197930143
1191.31,0.003435248968052803
1190.828,0.0033522264501651723
1190.346,0.003271332935683109
1189.864,0.0031914713266137235
1189.382,0.003111600404318588
1188.9,0.0030311148091242066
1188.418,0.002949940035224613
1187.936,0.002868264209779873
1187.453,0.0027861786024023054
1186.971,0.002703370288706833
1186.489,0.0026191575405688436
1186.007,0.0025328195143155784
1185.525,0.0024439296642078667
1185.043,0.0023524507373427275
1184.561,0.00225836783255896
1184.079,0.0021611910741823233
1183.596,0.0020605162682154274
1183.114,0.0019506865613400648
1182.632,0.0018288316173812637
1182.15,0.0016930813406091996
1181.668,0.0015436424846354407
1181.186,0.001382861982348011
1180.704,0.0012151338136539534
1180.222,0.0010457460281319275
1179.74,0.0008798954057482947
1179.257,0.0007223279663432884
1178.775,0.0005764877407978437
1178.293,0.00044474215109662624
1177.811,0.0003287210117452165
1177.329,0.00022931001051207725
1176.847,0.00014710146855465706
1176.365,8.256663509571827e-05
1175.883,3.6159995551666296e-05
1175.4,8.443137435001219e-06
1174.918,0.0
1174.436,9.958383249991654e-06
1173.954,3.949037305067682e-05
1173.472,8.783414753602004e-05
1172.99,0.00015360948665044116
1172.508,0.00023504874014731655
1172.026,0.00033061150048823915
1171.544,0.0004395592288715354
1171.061,0.0005622476905207084
1170.579,0.0007001297486521584
1170.097,0.0008552878405427254
1169.615,0.0010298528322431298
1169.133,0.0012250559321970132
1168.651,0.0014408040081469106
1168.169,0.0016751766729439718
1167.687,0.0019251191885434546
1167.204,0.002186543048842797
1166.722,0.0024550505486446647
1166.24,0.002727015117843505
1165.758,0.0029996800416184563
1165.276,0.003271542165334089
1164.794,0.003542180531186677
1164.312,0.0038117050352400247
1163.83,0.004080225573557937
1163.348,0.0043472708969176585
1162.865,0.004611932034486361
1162.383,0.0048729554260786186
1161.901,0.005129253286927277
1161.419,0.005380177416520405
1160.937,0.005625735265438598
1160.455,0.005866416709356104
1159.973,0.006102970531622915
1159.491,0.006336087773589395
1159.009,0.00656637379492904
1158.526,0.006794169459704166
1158.044,0.007019724362364768
1157.562,0.0072428559636862205
1157.08,0.0074625807870297295
1156.598,0.0076769672693755425
1156.116,0.007882925282421085
1155.634,0.008076776101996627
1155.152,0.008255420286573847
1154.669,0.008417026855971052
1154.187,0.008561944124831147
1153.705,0.00869226198101157
1153.223,0.008811271718491009
1152.741,0.008921787794089957
1152.259,0.00902514944967071
1151.777,0.009121067975235136
1151.295,0.009208291673242951
1150.813,0.009285907847571034
1150.33,0.009354546072279823
1149.848,0.009416655725740554
1149.366,0.009475962098251696
1148.884,0.009536095485209097
1148.402,0.009598944608794076
1147.92,0.009664069884751415
1147.438,0.009728835670194953
1146.956,0.009789907830307566
1146.473,0.009844458869752722
1145.991,0.009891551878020356
1145.509,0.009932339832457844
1145.027,0.00996964277782112
1144.545,0.010006884255894473
1144.063,0.010047076163884207
1143.581,0.010092939826353346
1143.099,0.010146876192899255
1142.617,0.010211461301763317
1142.134,0.010290027425117507
1141.652,0.010386206721002825
1141.17,0.010503502824944975
1140.688,0.010644881068021531
1140.206,0.01081221154596232
1139.724,0.011006704978114346
1139.242,0.011229367192858192
1138.76,0.011481699482184138
1138.277,0.01176593888291641
1137.795,0.012084726625876618
1137.313,0.012440189851825184
1136.831,0.012833343702368438
1136.349,0.01326363310925191
1135.867,0.013729448747066664
1135.385,0.014228831113115709
1134.903,0.014760673796180401
1134.421,0.015324662009230522
1133.938,0.015921231611230987
1133.456,0.01654978655573405
1132.974,0.017207372687533026
1132.492,0.017887329187574266
1132.01,0.018580346555401913
1131.528,0.019275941824116096
1131.046,0.019964201996232608
1130.564,0.020638533307923167
1130.081,0.021295661229015432
1129.599,0.021934285633195237
1129.117,0.02255416810188348
1128.635,0.023154042036378684
1128.153,0.023731344436955508
1127.671,0.024283236632406523
1127.189,0.024807565404939218
1126.707,0.025303764510428227
1126.225,0.025772277258419067
1125.742,0.026213178154717708
1125.26,0.026624775917528647
1124.778,0.027003229772554167
1124.296,0.027343987415049554
1123.814,0.027644221349678273
1123.332,0.027904803294370163
1122.85,0.028130959831413966
1122.368,0.02832994037573049
1121.886,0.028507899106892793
1121.403,0.028666847681662045
1120.921,0.02880342961347933
1120.439,0.028910507246132797
1119.957,0.028980618823154627
1119.475,0.0290104227591471
1118.993,0.02900232931693332
1118.511,0.028964023770399014
1118.029,0.028904513871485862
1117.546,0.028831235299629596
1117.064,0.028746974571973463
1116.582,0.028650066483754053
1116.1,0.028536584578996785
1115.618,0.028403585878365875
1115.136,0.028251293899279228
1114.654,0.028083128458230838
1114.172,0.027903902630286314
1113.69,0.027717442288582177
1113.207,0.02752543498962363
1112.725,0.027327534281412918
1112.243,0.02712322607388885
1111.761,0.026913870098010367
1111.279,0.02670330340278488
1110.797,0.026497173528304864
1110.315,0.02630070705685906
1109.833,0.026116392482366836
1109.35,0.0259432500534797
1108.868,0.025777807799639486
1108.386,0.025616664530803697
1107.904,0.0254584456148522
1107.422,0.025304965268160347
1106.94,0.025159926429284808
1106.458,0.025026909102202406
1105.976,0.024906792455423578
1105.494,0.02479705446741626
1105.011,0.02469266599627754
1104.529,0.02458885121984478
1104.047,0.024483620833098605
1103.565,0.0243789492398972
1103.083,0.024279828329240503
1102.601,0.02419203230109113
1102.119,0.024119714854131863
1101.637,0.024063781233905235
1101.154,0.024022528982744845
1100.672,0.023993380199764158
1100.19,0.02397500868161692
1099.708,0.02396805890352477
1099.226,0.02397440096121753
1098.744,0.023995018331333995
1098.262,0.024028066995176428
1097.78,0.02406816763355385
1097.298,0.024108085732706647
1096.815,0.024140560701843117
1096.333,0.024161517073376743
1095.851,0.024171010726661998
1095.369,0.024172435401160788
1094.887,0.02417003047723276
1094.405,0.02416644091098982
1093.923,0.02416168905417376
1093.441,0.02415393088808684
1092.958,0.024141661395448485
1092.476,0.024126005613928823
1091.994,0.024111217825048707
1091.512,0.0241036720005088
1091.03,0.024108985878079185
1090.548,0.024128992300586703
1090.066,0.024160718486373182
1089.584,0.024197138537935724
1089.102,0.02423059325842069
1088.619,0.02425509983160875
1088.137,0.02426882913996336
1087.655,0.024273681081536734
1087.173,0.02427335114430495
1086.691,0.024270596043088864
1086.209,0.02426572497698325
1085.727,0.024256841773226196
1085.245,0.024241752235831904
1084.762,0.02422006148402874
1084.28,0.02419445545212189
1083.798,0.024169773292209058
1083.316,0.024151126102579735
1082.834,0.024141516467214477
1082.352,0.024140378141987925
1081.87,0.024144015638924002
1081.388,0.024147418442571275
1080.906,0.024146838910889493
1080.423,0.024140775751888374
1079.941,0.024129988924788806
1079.459,0.024115860512291518
1078.977,0.024098781669877847
1078.495,0.02407723620439632
1078.013,0.024048642489670105
1077.531,0.024010847307906688
1077.049,0.02396406300065308
1076.567,0.02391127725072865
1076.084,0.023857619782874383
1075.602,0.02380785524338201
1075.12,0.023764677017137314
1074.638,0.02372798824659254
1074.156,0.023695736296793234
1073.674,0.02366570834530211
1073.192,0.02363723756515574
1072.71,0.02361163525853919
1072.227,0.02359118502840541
1071.745,0.02357713857229469
1071.263,0.02356826654440853
1070.781,0.023560709543997728
1070.299,0.02354975135354443
1069.817,0.02353264643409867
1069.335,0.023510467669266406
1068.853,0.02348860555410951
1068.371,0.02347443616341894
1067.888,0.023474907163601323
1067.406,0.02349308819386259
1066.924,0.0235274034564065
1066.442,0.02357269342416968
1065.96,0.02362350799744548
1065.478,0.023676937724510797
1064.996,0.02373418214884174
1064.514,0.023799700442925568
1064.031,0.023878860750082363
1063.549,0.023975015831580737
1063.067,0.024087662773230406
1062.585,0.024212681403961267
1062.103,0.024344174589230855
1061.621,0.02447725102287729
1061.139,0.024609206144143886
1060.657,0.024739723303355277
1060.175,0.02486940972283011
1059.692,0.02499815736914973
1059.21,0.025124446323872368
1058.728,0.025246279831398044
1058.246,0.025362875580764083
1057.764,0.025476405416214484
1057.282,0.02559196180958725
1056.8,0.025716157151162152
1056.318,0.025853819417165993
1055.835,0.026005693665658466
1055.353,0.026167600120924697
1054.871,0.02633252406133268
1054.389,0.026493499194024293
1053.907,0.02664694178973242
1053.425,0.02679414452419062
1052.943,0.026940024780592868
1052.461,0.027089905998775664
1051.979,0.0272457402308554
1051.496,0.02740469625620525
1051.014,0.02755985248545067
1050.532,0.027703996756573833
1050.05,0.027832789106377036
1049.568,0.027947809057946825
1049.086,0.02805579193614282
1048.604,0.02816642722103132
1048.122,0.02828767958327043
1047.639,0.028422886882967586
1047.157,0.02856986610000788
1046.675,0.02872266794578467
1046.193,0.028874348479181623
1045.711,0.029019468776362984
1045.229,0.02915583464134296
1044.747,0.029283718020313335
1044.265,0.029404553150039023
1043.783,0.02951962525567299
1043.3,0.029629999770240598
1042.818,0.029737353074376152
1042.336,0.02984462442212514
1041.854,0.029956757273713622
1041.372,0.030079402894524362
1040.89,0.030216919874206563
1040.408,0.030371319869521393
1039.926,0.030541600777378566
1039.444,0.0307250580370214
1038.961,0.030918905131306643
1038.479,0.0311219127144358
1037.997,0.03133430802911709
1037.515,0.031555930887867664
1037.033,0.031784371027864425
1036.551,0.032013507797147
1036.069,0.032234087574614004
1035.587,0.0324377396329648
1035.104,0.032620325174677785
1034.622,0.032785357148504425
1034.14,0.03294311735566847
1033.658,0.03310805247194735
1033.176,0.03329272417622748
1032.694,0.03350217651157298
1032.212,0.033732568703686135
1031.73,0.033972415682576786
1031.248,0.03420828777671898
1030.765,0.0344288340265733
1030.283,0.03462939781926667
1029.801,0.034811633183691605
1029.319,0.03498066611929879
1028.837,0.035140762083479965
1028.355,0.035292643782553035
1027.873,0.03543310374157102
1027.391,0.03555755240288622
1026.908,0.03566269660987478
1026.426,0.035748379900344185
1025.944,0.035816990185375736
1025.462,0.03587117242108134
1024.98,0.03591114267429832
1024.498,0.03593398031743267
1024.016,0.03593498775941803
1023.534,0.035911210845047725
1023.052,0.03586443026308442
1022.569,0.03580224188044667
1022.087,0.03573568745757913
1021.605,0.03567435589171003
1021.123,0.035623116137259464
1020.641,0.03557947970030806
1020.159,0.03553555269071337
1019.677,0.03548133270402404
1019.195,0.03540997638196178
1018.712,0.03532010536711616
1018.23,0.035215508279720725
1017.748,0.03510184756102913
1017.266,0.03498331788791745
1016.784,0.03486038492167298
1016.302,0.03473027704631368
1015.82,0.03458938818083062
1015.338,0.03443633624252309
1014.856,0.034273315427376876
1014.373,0.034105295272650125
1013.891,0.033937107479859945
1013.409,0.03377060724357497
1012.927,0.033603559389616115
1012.445,0.033430983204854346
1011.963,0.03324838971448001
1011.481,0.03305431115411552
1010.999,0.03285154521677502
1010.516,0.03264528495713455
1010.034,0.03244013855929333
1009.552,0.03223663501447373
1009.07,0.03203040455715565
1008.588,0.03181369113293771
1008.106,0.0315794502178655
1007.624,0.031324604722152496
1007.142,0.031051821953652404
1006.66,0.030767740379677073
1006.177,0.030479933515403276
1005.695,0.03019298346789813
1005.213,0.02990656986219596
1004.731,0.029616453317937122
1004.249,0.029317492934509734
1003.767,0.029007472164186213
1003.285,0.028688410114308324
1002.803,0.028366148040064057
1002.321,0.02804710834192796
1001.838,0.027735668236000724
1001.356,0.02743187615105623
1000.874,0.027132271292407206
1000.392,0.0268321448931164
999.91,0.02652882592003981
999.428,0.026223133937043102
998.946,0.025919259895712043
998.464,0.025621771001952547
997.981,0.025333364365940702
997.499,0.02505304160987652
997.017,0.024776812947850346
996.535,0.024499690216152538
996.053,0.024218596324996573
995.571,0.02393415339786229
995.089,0.023650466704658597
994.607,0.023373142807284676
994.125,0.02310654029538973
993.642,0.02285214928509314
993.16,0.022608233791115824
992.678,0.022371355370512304
992.196,0.022137937744596055
991.714,0.021905969256605907
991.232,0.02167505875106052
990.75,0.021445444646539
990.268,0.021216806568075678
989.785,0.02098762832251908
989.303,0.020755790219689377
988.821,0.02051975371469331
988.339,0.020279831731915946
987.857,0.020038546292889346
987.375,0.019799380544042566
986.893,0.019565407849871846
986.411,0.01933765266520926
985.929,0.01911486701780482
985.446,0.018894521435545875
984.964,0.01867475327328319
984.482,0.01845586800482124
984.0,0.018240830961237603
983.518,0.018033706434247898
983.036,0.017837545436606567
982.554,0.01765263854095689
982.072,0.01747579689880338
981.589,0.01730156668514909
981.107,0.0171239576331941
980.625,0.01693912896864069
980.143,0.01674610839072096
979.661,0.016546322685619227
979.179,0.016342029379256353
978.697,0.01613461055433307
978.215,0.015923991705043408
977.733,0.015709297388167225
977.25,0.015490345064479903
976.768,0.015269060709065745
976.286,0.015049359602028432
975.804,0.014836360292238053
975.322,0.014634037664443066
974.84,0.01444338637115316
974.358,0.014262145161157168
973.876,0.014085590366356641
973.393,0.013908979692201638
972.911,0.013729146641938465
972.429,0.013545819269375332
971.947,0.01336094590133834
971.465,0.013177298153809542
970.983,0.012996705144325483
970.501,0.012819550577786904
970.019,0.012645283111229633
969.537,0.012473876667621581
969.054,0.012306817637791834
968.572,0.012147365650751547
968.09,0.011998992677058881
967.608,0.011863758802248894
967.126,0.011740494285167866
966.644,0.01162490014081137
966.162,0.01151047946289889
965.68,0.011391279237533483
965.198,0.01126431923247638
964.715,0.01113042646217384
964.233,0.010993534833181037
963.751,0.010858464871144183
963.269,0.010729046174490095
962.787,0.010606422407340398
962.305,0.01048942941647683
961.823,0.01037588045649419
961.341,0.010264359917079063
960.858,0.01015500935926279
960.376,0.01004913449729498
959.894,0.009947782137749505
959.412,0.009850199771986073
958.93,0.009753146397445022
958.448,0.00965204176970439
957.966,0.009542378287503046
957.484,0.009421956166919744
957.002,0.009291807313367158
956.519,0.009155720347078823
956.037,0.00901832394125058
955.555,0.008882777142055522
955.073,0.008749843634004835
954.591,0.008617662634594438
954.109,0.0084833991979072
953.627,0.00834483305092524
953.145,0.008201824495262359
952.662,0.008056187747293917
952.18,0.007910677659195623
951.698,0.007767197854309991
951.216,0.007625873129862019
950.734,0.007484937698250236
950.252,0.007342059527747805
949.77,0.007195428127269674
949.288,0.007044909386365098
948.806,0.006891864898638161
948.323,0.006738216913882877
947.841,0.006585034590414901
947.359,0.0064317535467540154
946.877,0.006276373302009947
946.395,0.006116731325164437
945.913,0.005952080695512646
945.431,0.0057842430800105205
944.949,0.005617405704953532
944.466,0.0054568752463718395
943.984,0.005307777703716123
943.502,0.0051730206660643395
943.02,0.005052771771479916
942.538,0.004944646834171836
942.056,0.004844970855260668
941.574,0.004749875120771459
941.092,0.004656245288014695
940.61,0.004562455267775097
940.127,0.004467987244701179
939.645,0.004373291978919055
939.163,0.004279375298809306
938.681,0.004187703106104383
938.199,0.0040998996273744134
937.717,0.0040173041044816934
937.235,0.003940639243744125
936.753,0.0038695325161318614
936.27,0.003802613014815069
935.788,0.0037377852640008633
935.306,0.0036732648496362805
934.824,0.003608377494177299
934.342,0.00354391295916719
933.86,0.003481713400658549
933.378,0.0034236824419938867
932.896,0.003370710427554536
932.414,0.0033220075957972224
931.931,0.0032754132783488384
931.449,0.003228524662966876
930.967,0.0031803396465610485
930.485,0.003132176981897012
930.003,0.0030878364650791974
929.521,0.0030520231377545587
929.039,0.0030290508860887216
928.557,0.0030208848007141215
928.075,0.003026571207314352
927.592,0.0030426530364924403
927.11,0.003064695330148068
926.628,0.0030890379905629956
926.146,0.0031133806509779233
925.664,0.003137086286751814
925.182,0.003160190288142503
924.7,0.003182335027281335
924.218,0.0032023060595310175
923.735,0.003218356223741569
923.253,0.0032291798056633784
922.771,0.0032349910094886074
922.289,0.0032378219810750668
921.807,0.0032408746074342847
921.325,0.0032467491411945874
920.843,0.003256177601899623
920.361,0.0032670570631759058
919.879,0.003275256178082449
919.396,0.0032756768868458033
918.914,0.0032643834202656444
918.432,0.003239958305383407
917.95,0.003203534030449824
917.468,0.0031579734810592633
916.986,0.0031063425711273587
916.504,0.0030511726354119154
916.022,0.002993888597452095
915.539,0.0029353621751777373
915.057,0.0028766699774850947
914.575,0.002819255554364828
914.093,0.002764549417291543
913.611,0.0027130377166491894
913.129,0.0026633141553500973
912.647,0.002611958916900279
912.165,0.0025543545039747907
911.683,0.002486784939500917
911.2,0.0024077768711656157
910.718,0.0023193345051494563
910.236,0.002226133080777015
909.754,0.002134447849556048
909.272,0.002049794103773428
908.79,0.001975254521151132
908.308,0.0019114251481369138
907.826,0.0018569630175781782
907.343,0.0018101246936152449
906.861,0.0017699248369641707
906.379,0.0017366614708488326
905.897,0.001711349736875558
905.415,0.0016946229343950923
904.933,0.001685689439219009
904.451,0.0016820253671701
903.969,0.001679804845111845
903.487,0.001675470220809213
903.004,0.0016666261326002928
902.522,0.0016527510398432997
902.04,0.0016348731226606093
901.558,0.0016146799375574249
901.076,0.0015933766159452953
900.594,0.0015709948227917644
900.112,0.0015463704048785595
899.63,0.0015176965964109265
899.147,0.0014833920116571683
898.665,0.0014425830700422956
898.183,0.0013955175033711562
897.701,0.0013434637729903762
897.219,0.001288811652626419
896.737,0.0012347220510975296
896.255,0.0011850040777338817
895.773,0.0011439753439913998
895.291,0.0011152978102334683
894.808,0.001101219689155209
894.326,0.0011015919691446836
893.844,0.0011136374462843886
893.362,0.0011322245331881926
892.88,0.0011511189565416198
892.398,0.0011651313869589126
891.916,0.0011710208218804093
891.434,0.0011683569902766339
890.951,0.0011588367618785428
890.469,0.0011450957795722944
889.987,0.0011291103098612226
889.505,0.0011115192400315138
889.023,0.0010918829858279494
888.541,0.0010696557922218047
888.059,0.0010452735181779998
887.577,0.0010207478204577042
887.095,0.0009990123651709565
886.612,0.0009826804434621243
886.13,0.0009727373946151578
885.648,0.0009678011359293241
885.166,0.0009645561590389921
884.684,0.0009590778706147322
884.202,0.0009488461117696349
883.72,0.0009336429530212402
883.238,0.0009156197495169098
882.756,0.0008977660467211594
882.273,0.0008823468211354539
881.791,0.0008692633525668805
881.309,0.0008559880315479398
880.827,0.0008383895111376341
880.345,0.0008128430838755599
879.863,0.0007780765631247924
879.381,0.0007358874014543396
878.899,0.0006905820344492233
878.416,0.0006471299993675919
877.934,0.0006096514672795442
877.452,0.0005795862628854356
876.97,0.0005556156334196073
876.488,0.000534254569807855
876.006,0.0005115263246565672
875.524,0.00048400735618145743
875.042,0.0004495425839448654
874.56,0.00040742606543523255
874.077,0.0003579129830380036
873.595,0.0003019961266177186
873.113,0.00024130903597025313
872.631,0.00017860656327131977
872.149,0.00011804054455855084
871.667,6.466247347666765e-05
871.185,2.429684140731192e-05
870.703,1.8666194799010771e-06
870.22,0.0
869.738,1.2904881162845161e-05
869.256,4.200546189825696e-05
868.774,8.099668837608168e-05
868.292,0.00012203123658261275
867.81,0.0001582769241104745
867.328,0.00018485734595897335
866.846,0.000199524289432991
866.364,0.00020274155317468942
865.881,0.0001969417517489573
865.399,0.0001857142023583662
864.917,0.00017252715027078758
864.435,0.00016038317946677483
863.953,0.00015134237548138085
863.471,0.00014646644604967077
862.989,0.00014634398703879462
862.507,0.0001515300667032267
862.024,0.00016292061735975055
861.542,0.00018197781545050556
861.06,0.00021038362954525075
860.578,0.0002493357404749451
860.096,0.00029884718675562624
859.614,0.00035709071349590213
859.132,0.00042043416265477584
858.65,0.00048365467723379685
858.168,0.0005415275375893758
857.685,0.000590124425101788
857.203,0.0006279365972001495
856.721,0.0006565007361325828
856.239,0.0006799798538076121
855.757,0.0007040270782531569
855.275,0.0007336026335016191
854.793,0.0007718804668872918
854.311,0.0008189369468612866
853.828,0.0008718365446684223
853.346,0.0009250285777639838
852.864,0.0009720943709637248
852.382,0.001007872534559126
851.9,0.0010296417439871648
851.418,0.0010386499714978188
850.936,0.0010399468480906601
850.454,0.0010420297609364734
849.972,0.0010542156610717154
849.489,0.0010840259096089842
849.007,0.0011350926645892732
848.525,0.0012053241755099996
848.043,0.0012874989671275983
847.561,0.0013709217309951782
847.079,0.001445737211628162
846.597,0.001505478305068423
846.115,0.001549601118932379
845.633,0.00158322420209012
845.15,0.001615366482354226
844.668,0.0016552089376652493
844.186,0.0017082463712134247
843.704,0.001775054340349868
843.222,0.0018513822888440272
842.74,0.0019309270255109083
842.258,0.0020078323940013326
841.776,0.0020796583291698006
841.293,0.002147889359200253
840.811,0.002216882211096744
840.329,0.0022912208545715247
839.847,0.0023734720146402384
839.365,0.0024631439529834917
838.883,0.0025570422331703466
838.401,0.0026508864966478737
837.919,0.0027408452823441086
837.437,0.0028248547794336963
836.954,0.0029022500235983684
836.472,0.00297290435496797
835.99,0.003036365150771242
835.508,0.00309167314875633
835.026,0.0031382099507336926
834.544,0.003176867763729805
834.062,0.003210865238562545
833.58,0.0032452184786187846
833.097,0.0032845840967716047
832.615,0.0033313723558441102
832.133,0.0033837094348161782
831.651,0.0034357540784998135
831.169,0.0034789139048216206
830.687,0.0035055427554439994
830.205,0.0035116173168446146
829.723,0.0034981825329521883
829.241,0.0034706978166991094
828.758,0.0034369080466158837
828.276,0.003404220962461006
827.794,0.0033769821153676258
827.312,0.0033561489049424506
826.83,0.003339590465134764
826.348,0.003323637385000574
825.866,0.003303927349600385
825.384,0.0032762787205741772
824.901,0.003237226977944374
824.419,0.003183901785536014
823.937,0.003114950862970759
823.455,0.0030314266047579176
822.973,0.0029377453425463197
822.491,0.002841240310288491
822.009,0.002750241257091786
821.527,0.002672215527359474
821.045,0.0026104432391993553
820.562,0.0025631679182356974
820.08,0.002524082647993208
819.598,0.0024854500005219854
819.116,0.002440903454701951
818.634,0.002387999220097317
818.152,0.002328782481081943
817.67,0.0022682358134300147
817.188,0.0022115373706563975
816.705,0.0021613376968084505
816.223,0.0021172325978887838
815.741,0.0020766460356560143
815.259,0.0020372552916090546
814.777,0.0019988424362654376
814.295,0.001964011447543792
813.813,0.0019366403526448195
813.331,0.0019197019332266863
812.849,0.0019126206319382832
812.366,0.0019106988577132535
811.884,0.001905863906474823
811.402,0.0018901045414361564
810.92,0.0018583078016626078
810.438,0.001810056454640753
809.956,0.0017494911605373323
809.474,0.0016833900850504006
808.992,0.0016186897187156872
808.51,0.001559875311052547
808.027,0.0015088374468874427
807.545,0.001465313493254336
807.063,0.0014282398797730196
806.581,0.001396603327482305
806.099,0.0013695172172911614
805.617,0.0013456497579178925
805.135,0.0013222721742188678
804.653,0.0012953481141557074
804.17,0.0012607145658198836
803.688,0.0012153093405860536
803.206,0.0011589349980684026
802.724,0.0010944246215389142
802.242,0.0010269805788993835
801.76,0.0009620157169534793
801.278,0.0009037153993515269
800.796,0.0008545383176905043
800.314,0.0008154102066095827
799.831,0.0007869103487501763
799.349,0.0007699924184286847
798.867,0.0007658522338309173
798.385,0.000774717037665084
797.903,0.0007942883258170268
797.421,0.0008194214723845732
796.939,0.000842256114837972
796.457,0.0008546375927138833
795.974,0.0008511195315959591
795.492,0.0008302714200095936
795.01,0.0007952150512248908
794.528,0.0007514508163675333
794.046,0.0007045703761755159
793.564,0.000657496220887975
793.082,0.000609993657216111
792.6,0.0005599001541416702
792.118,0.0005055225672239948
791.635,0.0004475649763294974
791.153,0.0003897508091114943
790.671,0.00033706636663446976
790.189,0.00029352192390472154
789.707,0.00025983646194985624
789.225,0.00023296641859602354
788.743,0.00020729964400859752
788.261,0.00017752946215741222
787.778,0.000141565985185034
787.296,0.0001015326285615896
786.814,6.300242657357111e-05
786.332,3.197868453695338e-05
785.85,1.265607932780799e-05
785.368,5.200386364409559e-06
784.886,6.242080571802755e-06
784.404,1.039811746871358e-05
783.922,1.3132956116757716e-05
783.439,1.2453566206261507e-05
782.957,9.064027603637725e-06
782.475,5.167849520419654e-06
781.993,2.6928696860648027e-06
781.511,2.0954361621382256e-06
781.029,2.3343303102128787e-06
780.547,2.006980332921321e-06
780.065,7.762474582562184e-07
779.582,0.0
779.1,0.0
778.618,0.0
778.136,4.721339792013168e-06
777.654,1.2545846402645111e-05
777.172,1.927511766552925e-05
776.69,2.1159648895263672e-05
776.208,1.671677455306053e-05
775.726,8.207745850086212e-06
775.243,5.927868187427521e-07
774.761,0.0
774.279,0.0
773.797,3.4092544493359578e-06
773.315,1.6932672058996012e-05
772.833,3.637930124320704e-05
772.351,5.761593241583249e-05
771.869,7.811495610936248e-05
771.387,9.750943122939504e-05
770.904,0.00011672136712480644
770.422,0.00013659081675789636
769.94,0.0001569296529685925
769.458,0.00017653274434533892
768.976,0.00019410555250942707
768.494,0.000209377993914215
768.012,0.0002235067711973751
767.53,0.00023840668357231337
767.047,0.0002552809998054399
766.565,0.0002733846618370589
766.083,0.0002898287070407096
765.601,0.0003008878451179371
765.119,0.00030382585034451765
764.637,0.00029905995523387893
764.155,0.00029050357724455175
763.673,0.00028460705652832985
763.191,0.00028720606033775034
762.708,0.00030127895826643353
762.226,0.00032552189870991427
761.744,0.0003552168015051975
761.262,0.00038429516875608527
760.78,0.0004080966622991983
760.298,0.00042527272704650024
759.816,0.0004373712211169986
759.334,0.00044850486500019535
758.851,0.00045709599825468836
758.369,0.0004612670745700598
757.887,0.00045788326216014696
757.405,0.0004444691056216324
756.923,0.00042059060863473136
756.441,0.0003889635078270365
755.959,0.00035451449961824977
755.477,0.000323202185840768
754.995,0.00029949691485275237
754.512,0.00028545690954408925
754.03,0.00028082698752934093
753.548,0.0002841002688827865
753.066,0.00029394496232271194
752.584,0.0003099270715293534
752.102,0.0003323185426945055
751.62,0.0003611361396244975
751.138,0.00039488229561935456
750.655,0.000430325321345168
750.173,0.00046290918676690496
749.691,0.0004884541161697051
749.209,0.0005050676620819358
748.727,0.0005136532074009811
748.245,0.0005176491950723283
747.763,0.0005211031530052423
747.281,0.0005273138257590182
746.799,0.000537266552617606
746.316,0.0005497822792015286
745.834,0.0005623836874623159
745.352,0.0005729641257361945
744.87,0.0005806872663511459
744.388,0.0005861845460127732
743.906,0.0005907430525191812
743.424,0.0005955325270240938
742.942,0.0006010223561051242
742.459,0.0006071138195693493
741.977,0.0006136355540630467
741.495,0.0006206602027470434
741.013,0.000628344227813861
740.531,0.0006357246417213538
740.049,0.0006397224920378503
739.567,0.000635060905055565
739.085,0.000615110726688399
738.603,0.000574554105035284
738.12,0.0005121449304913914
737.638,0.00043234982612458395
737.156,0.00034482660703361034
736.674,0.00026128199798139407
736.192,0.00019243179651146775
735.71,0.0001435100354931565
735.228,0.00011333207261155637
734.746,9.517003358765208e-05
734.264,8.066436699168122e-05
733.781,6.323621015657394e-05
733.299,4.1168204254725393e-05
732.817,1.814093610102291e-05
732.335,1.6664535823218696e-06
731.853,0.0
731.371,1.0047194569609563e-05
730.889,4.170479816059669e-05
730.407,9.191621008307338e-05
729.924,0.00015497242295464675
729.442,0.00022347687288772067
728.96,0.00029042042618573904
728.478,0.0003501294657241444
727.996,0.00039805913733881315
727.514,0.0004314974296924651
727.032,0.0004500271102716724
726.55,0.0004560696177704354
726.068,0.00045476212751033307
725.585,0.00045264252396517296
725.103,0.00045572342567665874
724.621,0.000465994137664176
724.139,0.0004806755933650722
723.657,0.0004926003342451066
723.175,0.0004925221897834967
722.693,0.0004731321404146602
722.211,0.00043248185931250155
721.728,0.00037711668153141836
721.246,0.00031979572634364267
720.764,0.0002761279600997299
720.282,0.00025915934942489366
719.8,0.0002720154128795435
719.318,0.00030749516431675256
718.836,0.00035107742215311627
718.354,0.0003889190076395502
717.872,0.0004127050728298873
717.389,0.00042179486779279213
716.907,0.0004232999717080285
716.425,0.0004259263880031089
715.943,0.00043692353159882624
715.461,0.0004588469516399324
714.979,0.0004902400596197287
714.497,0.0005263605609882732
714.015,0.0005622947978418946
713.532,0.0005956250567768911
713.05,0.0006267611197260936
712.568,0.000658001490803653
712.086,0.0006913578267707388
711.604,0.0007268897322721263
711.122,0.0007619038224220276
710.64,0.0007920787604742269
710.158,0.0008125940207825144
709.676,0.0008201825237551391
709.193,0.0008139427491398732
708.711,0.0007955883304740091
708.229,0.0007685390842515349
707.747,0.0007371685012828449
707.265,0.0007061778979245981
706.783,0.0006799184132453978
706.301,0.0006621078869631092
705.819,0.0006554881327374001
705.336,0.0006608824397242377
704.854,0.0006770055827706387
704.372,0.0007002179532550126
703.89,0.0007257623554662238
703.408,0.0007482818219550838
702.926,0.0007636934345544785
702.444,0.0007701606251472662
701.962,0.0007682645390200069
701.48,0.0007602962297062546
700.997,0.0007489975108656774
700.515,0.0007370133386101832
700.033,0.0007261206764121383
699.551,0.0007174445619416783
699.069,0.0007115549646144678
698.587,0.0007087201053319961
698.105,0.0007086829390636692
697.623,0.000710247647623681
697.14,0.000711007693479225
696.658,0.0007074054243952702
696.176,0.0006951195036256005
695.694,0.0006707263893859297
695.212,0.0006320058086583813
694.73,0.0005787267934444368
694.248,0.0005121186895425955
693.766,0.0004347407713879009
693.284,0.00035012461418329477
692.801,0.0002624611695145468
692.319,0.00017746130740919908
691.837,0.00010211367246716618
691.355,4.3626701415971914e-05
690.873,8.493575245835383e-06
690.391,0.0
689.909,1.5416964888576024e-05
689.427,5.037680268287631e-05
688.945,9.570412337780304e-05
688.462,0.0001416014134883875
687.98,0.00017985440790653506
687.498,0.00020666331052780068
687.016,0.00022211380302906286
686.534,0.00022870928049087413
686.052,0.00022826023399830087
685.57,0.00022107586264610152
685.088,0.0002057554572820683
684.605,0.00018136769533157182
684.123,0.00014892213046550917
683.641,0.00011320203542709156
683.159,8.143447339534898e-05
682.677,6.1841160058973e-05
682.195,5.986846983432881e-05
681.713,7.609382271766413e-05
681.231,0.00010593511164188468
680.749,0.0001413233578205081
680.266,0.00017404802143573816
679.784,0.000197608470916745
679.302,0.00020970992743968991
678.82,0.00021154820919036532
678.338,0.00020655058324337006
677.856,0.00019794687628746366
677.374,0.00018802814185619326
676.892,0.00017769590020180054
676.409,0.00016727052628993933
675.927,0.00015655457973480502
675.445,0.00014521278440952218
674.963,0.0001321089267730738
674.481,0.00011618874967098125
673.999,9.723618626594766e-05
673.517,7.578022778034071e-05
673.035,5.6175738573076284e-05
672.553,4.39771264791472e-05
672.07,4.0540397167207476e-05
671.588,4.6040639281270945e-05
671.106,5.487501621246477e-05
670.624,6.15524500608422e-05
670.142,5.811572074890248e-05
669.66,4.923634231090296e-05
669.178,5.7869553565979837e-05
668.696,0.00010485090315341672
668.213,0.00018663391470909174
667.731,0.0002175965160131424
667.249,0.00015303522348403958
666.767,4.996187984943057e-05
666.285,0.0
665.803,2.2423310871544366e-05
665.321,9.378948568427442e-05
664.839,0.00017918137847072052
664.357,0.0002538295340363955
663.874,0.00031215346751421735
663.392,0.00035521116134894226
662.91,0.00038721591886813067
662.428,0.0004109803342471144
661.946,0.00042172486003298065
661.464,0.00041431604619443507
660.982,0.00038726377661210676
660.5,0.0003471208369209833
660.017,0.0003079427474171545
659.535,0.0002871266137944514
659.053,0.00029880246215493317
658.571,0.0003462969767351193
658.089,0.0004210941439127397
657.607,0.0005058490120581488
657.125,0.0005835295539267718
656.643,0.000642889118107566
656.161,0.0006831230418960499
655.678,0.0007119687532421426
655.196,0.0007407511346531614
654.714,0.000777337999239458
654.232,0.0008217293470010253
653.75,0.0008666422354043843
653.268,0.0009013962571638306
652.786,0.0009177249931070913
652.304,0.000913125048153593
651.822,0.0008915079771167136
651.339,0.0008597841935001141
650.857,0.0008241861079731141
650.375,0.0007869451694244856
649.893,0.0007470704506348513
649.411,0.0007026210753587059
648.929,0.0006558061407430302
648.447,0.0006129102115213433
647.965,0.0005833806238905379
647.482,0.0005744146387072352
647.0,0.0005890520928549942
646.518,0.0006236235753898228
646.036,0.0006684917603095933
645.554,0.0007126074365890814
645.072,0.0007474396894447954
644.59,0.0007703696397969306
644.108,0.0007835095272447079
643.626,0.0007912998978238939
643.143,0.0007963857076463896
642.661,0.0007975003580107318
642.179,0.0007904007432669585
641.697,0.0007714621559546803
641.215,0.0007413551483276132
640.733,0.0007069938591796956
640.251,0.0006797925779854289
639.769,0.0006715083209267517
639.286,0.0006878556833214977
638.804,0.0007261897090577729
638.322,0.0007755915722707785
637.84,0.0008223410287912722
637.358,0.0008539248285067344
636.876,0.0008640658572642498
636.394,0.0008538034710570824
635.912,0.0008293253770709913
635.43,0.0007981380352573703
634.947,0.0007653376427445083
634.465,0.0007333344623555241
633.983,0.0007028027716344254
633.501,0.000675314643087177
633.019,0.0006548263350107386
632.537,0.0006467618700796637
632.055,0.0006552786722670498
631.573,0.0006806635889258714
631.09,0.0007176676860255887
630.608,0.0007566834398864825
630.126,0.0007861997034862983
629.644,0.00079749557223633
629.162,0.0007857318940388894
628.68,0.0007505771180574064
628.198,0.0006943670013090097
627.716,0.0006211472090578429
627.234,0.0005362858846239826
626.751,0.00044727086150733036
626.269,0.0003659187605346212
625.787,0.00030759267889669817
625.305,0.00028719005249712437
624.823,0.0003144897683693554
624.341,0.00038794955632982797
623.859,0.0004938566227898969
623.377,0.0006091365196409029
622.894,0.0007107371505159499
622.412,0.0007836306943510563
621.93,0.0008255931528380334
621.448,0.0008460979392058629
620.966,0.0008597742684566187
620.484,0.000877455284778221
620.002,0.0008975726409550105
619.52,0.0009062012018513504
619.038,0.0008824532647637578
618.555,0.0008137038208707384
618.073,0.0007012343700349769
617.591,0.0005653887225763668
617.109,0.00043691542461840593
616.627,0.0003457993377734281
616.145,0.0003083870358710772
615.663,0.0003206365789375151
615.181,0.00036362349225656926
614.699,0.0004098551334255768
614.216,0.00043564238143663225
613.734,0.00042859119546674596
613.252,0.00039181219291512664
612.77,0.0003394763780771373
612.288,0.00028946514438538823
611.806,0.00025460839162777527
611.324,0.00023911569784157427
610.842,0.00023905688176190099
610.359,0.0002478270036895755
609.877,0.00026073592313884814
609.395,0.0002783275324932874
608.913,0.00030504237778865295
608.431,0.0003461033160234023
607.949,0.00040319045312213475
607.467,0.00047308513826697235
606.985,0.0005488620567930882
606.503,0.0006237076527445887
606.02,0.0006942840660140448
605.538,0.0007605167907955013
605.056,0.0008235830188232651
604.574,0.0008816759843025754
604.092,0.0009269539511551836
603.61,0.0009461958641118345
603.128,0.0009246197712682452
602.646,0.0008511876374700661
602.163,0.0007245769846613362
601.681,0.0005546188539397104
601.199,0.00036146334052956225
600.717,0.0001686878067298503
600.235,0.0
