Std_1,Std_2,Std_3,Std_4,Std_5,Std_6,Std_7,Std_8,Std_9,Std_10,Std_11,Std_12,Std_13,Std_14,Std_15,Std_16,Std_17,Std_18,Std_19,Std_20,Std_21,Std_22,Std_23,Std_24,Std_25,Std_26,Std_27,Std_28,Std_29,Std_30
0.2222036,0.1173242,0.08740643,0.1158383,0.07939058,0.1583115,0.1098155,0.09015794,0.08102609,0.1008322,0.08857139,0.1395715,0.1215601,0.1538168,0.106246,0.111518,0.1169384,0.08613685,0.0836762,0.1348874,0.09853588,0.1457292,0.09373306,0.1143037,0.1099292,0.1277884,0.09639702,0.08328,0.07783031,0.09188773
0.2094309,0.1058491,0.08145471,0.1095676,0.07693619,0.1437574,0.1022048,0.08124747,0.08171403,0.09720366,0.0843687,0.1259423,0.1101368,0.1384467,0.1011214,0.09967756,0.106696,0.0775489,0.08008423,0.1195195,0.08621813,0.1352194,0.08739271,0.1122154,0.09974801,0.1178688,0.0961107,0.07846661,0.072124,0.08552259
0.1940905,0.08960489,0.06578331,0.1002053,0.06177001,0.123215,0.08578011,0.06606267,0.06735115,0.08158112,0.07038937,0.1086441,0.09478509,0.1188323,0.08991239,0.08331064,0.09618482,0.0640858,0.06763653,0.1036533,0.07422826,0.1156672,0.07838331,0.09689605,0.08620606,0.1019998,0.08345638,0.070902,0.06344907,0.07722045
0.1760916,0.07612703,0.04956011,0.08931394,0.04071215,0.10181,0.06987655,0.05316943,0.05033981,0.06287007,0.05376427,0.08736352,0.0799547,0.09725066,0.07741094,0.0662564,0.08229477,0.05042755,0.05072848,0.08563127,0.05908592,0.09356024,0.06768452,0.07679075,0.07131097,0.08674715,0.06702124,0.05997012,0.05354967,0.06483132
0.1533157,0.05470373,0.03225737,0.07711094,0.02655119,0.08035988,0.05002879,0.03376812,0.03338292,0.04279943,0.03635201,0.06735568,0.05878118,0.07537705,0.06126665,0.04888025,0.06894201,0.03529115,0.03532625,0.06376177,0.04116866,0.07172927,0.05520596,0.05596352,0.05186204,0.06665576,0.04950607,0.04594963,0.04264684,0.05141144
0.1307264,0.03738423,0.01899691,0.06772686,0.01419336,0.06284025,0.03438106,0.02151796,0.02044539,0.02573599,0.02169573,0.05095647,0.04138939,0.05860329,0.04934951,0.03484866,0.05904174,0.0236675,0.02037787,0.04297717,0.02614096,0.05500797,0.04323048,0.0392362,0.0348661,0.04802399,0.03474432,0.03752999,0.0344348,0.04360566
0.1137786,0.01630556,0.005595473,0.05727915,0.002944503,0.04478969,0.01753448,0.006185574,0.006303093,0.008351144,0.007367728,0.03207186,0.02054576,0.03704884,0.03434054,0.02004635,0.05477359,0.01077174,0.007382759,0.0214339,0.008893966,0.03150819,0.03054017,0.0199204,0.0141356,0.02795051,0.01681126,0.02994639,0.02654673,0.03534876
0.09830094,0.003521875,0,0.05536232,0,0.02977684,0.004904841,3.31E-08,8.22E-08,0,0,0.01921912,0.00656967,0.02265362,0.02764903,0.009063962,0.05037485,0.002309259,0.000677139,0.005393836,0,0.01611676,0.0249065,0.006081667,0.002883457,0.01358264,0.007245084,0.0244018,0.0214855,0.03026675
0.0884754,0,0.004286938,0.06253085,0.005262185,0.0216364,5.29E-08,0.005239807,0.001179949,0.001730755,0.003702741,0.01139074,2.97E-08,0.0138124,0.02764903,0.003384798,0.04937918,0,0,6.51E-08,0.000792853,0.007849953,0.02674367,8.19E-08,0,0.00639674,3.48E-08,0.02118082,0.01914502,0.0302015
0.08682517,0.004901448,0.0171895,0.0778687,0.01616703,0.01837004,0.004787063,0.0183689,0.008185445,0.01174803,0.01520747,0.009950581,0.002411023,0.01087354,0.0358769,0.003073411,0.05507226,0.002425911,0.007036716,0.003107163,0.008903169,0.007570112,0.03702712,0.002951182,0.005323852,0.007275623,0.001439044,0.02432028,0.02367037,0.03635816
0.08433141,0.00641624,0.02644155,0.08799281,0.02529327,0.01438446,0.006237182,0.02743443,0.01663012,0.01838918,0.0234092,0.006229375,0.002328878,0.007570473,0.04083822,0.001994302,0.07229428,0.00378825,0.01291692,0.003450683,0.01405356,0.003949141,0.04565492,0.003866116,0.007584822,0.00571984,0.000603425,0.03397319,0.03300304,0.04719966
0.09039294,0.01237317,0.03767834,0.1013366,0.03890238,0.01451572,0.01188688,0.04065421,0.0315892,0.02864941,0.03463477,0.007891482,0.006584208,0.01007054,0.05053375,0.004584237,0.09902232,0.008675704,0.02982534,0.008376377,0.0236266,0.006804505,0.05922005,0.01138082,0.01528557,0.007153581,0.00607642,0.05371652,0.05183769,0.06777746
0.09699738,0.02324102,0.05683355,0.1214588,0.06115292,0.02173736,0.0236616,0.05860364,0.04704843,0.046725,0.05101418,0.01692737,0.01609743,0.01971382,0.06379869,0.01314959,0.1019399,0.01983623,0.05019074,0.01723977,0.03858661,0.01516092,0.07656081,0.0233134,0.02796699,0.01430831,0.01535261,0.05945114,0.05704625,0.07351563
0.09532894,0.02623944,0.06414881,0.1307783,0.06795035,0.01837589,0.02604182,0.0660278,0.05089016,0.05249869,0.05738572,0.01584233,0.01569553,0.01768949,0.06827363,0.01225911,0.09225543,0.02132497,0.05608382,0.01888939,0.0429842,0.01296733,0.08269675,0.0242671,0.02977798,0.01336363,0.01777411,0.05229092,0.05099179,0.06754285
0.08731712,0.02058074,0.06423262,0.1345053,0.06868408,0.004753127,0.02038332,0.06730735,0.04718154,0.05185958,0.0584727,0.00271891,0.007752304,0.004056789,0.06646705,0.001294624,0.08413543,0.01344812,0.05431295,0.01424096,0.04222021,0.004179287,0.0844546,0.01792987,0.02566957,0.005751719,0.01220875,0.04519057,0.04681507,0.06639952
0.08791125,0.02124839,0.07480031,0.1480541,0.07612563,0,0.02135321,0.07837914,0.05120008,0.06102446,0.06898424,0,0.006265977,0,0.07156742,3.12E-08,0.09034938,0.01500472,0.05889406,0.0133902,0.04828897,0.000567217,0.08842235,0.01526463,0.02668342,0.002431846,0.008428929,0.05105405,0.05433857,0.07575224
0.08717916,0.02338678,0.08467238,0.1630012,0.08553607,0.00181839,0.02163871,0.09380244,0.05642366,0.07016733,0.08051055,0.003825169,0.006656066,0.00490469,0.07777146,0.004480161,0.09744298,0.02158184,0.06476378,0.01310985,0.05854334,0,0.09348204,0.0110559,0.02918303,0,0.002675492,0.05589249,0.05899914,0.0853781
0.09251841,0.03631256,0.1085342,0.192456,0.1105375,0.01027914,0.03013785,0.1216466,0.07346886,0.09133551,0.1057564,0.01492901,0.01517104,0.01499093,0.09412523,0.01585552,0.1023977,0.03622935,0.08142941,0.02094896,0.07911665,0.006526508,0.1070864,0.0166911,0.04285908,0.00347682,0.00572622,0.05826062,0.06009721,0.08822003
0.1081049,0.07059519,0.1546905,0.2443236,0.1577332,0.03183581,0.05856054,0.1742597,0.1117886,0.1403649,0.1560002,0.03950047,0.04393765,0.03971217,0.1292325,0.03895641,0.1193749,0.06472248,0.1176971,0.05052593,0.1248042,0.03068476,0.1417213,0.0419051,0.07854227,0.02535546,0.02512655,0.07070985,0.07018383,0.1054098
0.1379997,0.1223814,0.2181056,0.310425,0.2168072,0.06417998,0.1037475,0.2392887,0.1670137,0.2068595,0.2213087,0.07749403,0.09013776,0.07752763,0.1797759,0.07506004,0.1497536,0.1069931,0.1726862,0.09585654,0.1838103,0.06784324,0.1909491,0.08339874,0.1314071,0.06278061,0.06010188,0.09514602,0.0907736,0.1343848
0.176979,0.1783458,0.2834212,0.3767234,0.2719094,0.1057691,0.155526,0.3101914,0.219419,0.2767573,0.2893388,0.123125,0.1425283,0.1240064,0.2339267,0.1167145,0.1964899,0.1560699,0.2351127,0.1489848,0.248706,0.1127521,0.2475895,0.1282616,0.1898358,0.108671,0.09326079,0.131062,0.1258708,0.1782585
0.2329307,0.2422624,0.3562049,0.4467583,0.3267968,0.1522368,0.2152857,0.3817104,0.278253,0.3500407,0.3622809,0.1740478,0.2018085,0.1752786,0.2962355,0.1652474,0.2607078,0.209779,0.3046856,0.2065524,0.3165385,0.1651985,0.3091328,0.1799867,0.2533148,0.1582865,0.1306941,0.1877788,0.1801204,0.2403652
0.2890544,0.306057,0.4266005,0.5131804,0.3853698,0.2063149,0.278844,0.4539291,0.3411162,0.4230354,0.4340208,0.2304627,0.2647044,0.2341348,0.3589622,0.2198229,0.3359217,0.2698092,0.3806401,0.2709704,0.3851682,0.2292846,0.3735276,0.2392354,0.3199886,0.2150487,0.1733588,0.2546404,0.2421934,0.3104664
0.3508322,0.3694113,0.4929293,0.5723907,0.4344312,0.2651877,0.3429005,0.5180694,0.405858,0.4877547,0.5000152,0.2919844,0.328528,0.2986771,0.4212638,0.2806174,0.4341516,0.3313157,0.4636497,0.3316347,0.4484314,0.2870874,0.4355715,0.3037952,0.3839949,0.2697119,0.2201704,0.3442352,0.3250414,0.3946456
0.4039357,0.4138992,0.5443656,0.6156942,0.4686364,0.3151442,0.3961413,0.5713145,0.4598314,0.5400978,0.5535241,0.3403386,0.3813742,0.3496536,0.4754854,0.3325783,0.5652034,0.3819984,0.5432739,0.3805417,0.4997309,0.334825,0.4892039,0.3606811,0.4372693,0.3158338,0.2542307,0.4630221,0.4470832,0.5167894
0.457676,0.4758605,0.6114614,0.6743425,0.5144674,0.3666782,0.4631644,0.6402279,0.5218304,0.6112127,0.6250506,0.3890337,0.4486498,0.3998842,0.5459551,0.3881901,0.6836363,0.4379705,0.6314238,0.4469561,0.5690671,0.3982129,0.5539723,0.4253115,0.5059294,0.3728938,0.2993625,0.5767596,0.5807498,0.6512296
0.5039623,0.5624726,0.7003099,0.7512702,0.5818224,0.4316857,0.5582563,0.7355332,0.5982602,0.7101733,0.7168248,0.4580139,0.543869,0.4667542,0.6376127,0.4583751,0.7466393,0.5133163,0.7311983,0.5509729,0.6675351,0.4840307,0.6409475,0.5228273,0.6055242,0.4750872,0.3699248,0.6568114,0.6665119,0.7318389
0.5699934,0.6756449,0.8010547,0.8364074,0.6545294,0.5254351,0.6737131,0.8341079,0.6843685,0.8157738,0.8167434,0.5560099,0.6597728,0.5630785,0.7452461,0.5568051,0.8084959,0.6111022,0.833019,0.6731565,0.7739626,0.5961172,0.7403057,0.6446582,0.7169217,0.5989278,0.462785,0.7410679,0.7447262,0.8002533
0.6200871,0.7690908,0.8754609,0.8964607,0.6979743,0.6330754,0.7759531,0.9084718,0.7476509,0.891592,0.889646,0.6643097,0.7603025,0.670981,0.8302064,0.6651807,0.8734368,0.7140573,0.9184349,0.7782597,0.8596141,0.7079181,0.8254194,0.7508689,0.8099754,0.7208686,0.533852,0.8237855,0.8301268,0.8721656
0.7087253,0.8858705,0.9526674,0.9753908,0.7405871,0.7616447,0.8663874,0.9666219,0.8064396,0.9521525,0.9530737,0.7844844,0.8573952,0.7976124,0.9148147,0.7866209,0.9416114,0.8173985,0.9645905,0.8622625,0.9198458,0.8159928,0.9002529,0.8350869,0.889442,0.8038253,0.6030506,0.9049697,0.9087633,0.9373908
0.6514338,0.9158152,0.9686919,0.9547511,0.7144399,0.8830659,0.9472331,0.9982274,0.8198283,0.9854997,0.9844918,0.9015949,0.9404861,0.89179,0.9616755,0.9081346,0.9918474,0.9280687,1,0.9586275,0.996049,0.9231494,0.9653558,0.9182168,0.9632072,0.9449354,0.6355948,0.9734917,0.9693617,0.9874263
0.7068696,1,0.9999999,0.9999999,0.7319206,1,1,1,0.8365575,1,1,1,1,1,1,1,0.9999999,1,0.9807189,1,1,1,1,0.9663756,1,1,0.6790023,1,1,0.9999999
0.6034897,0.9385965,0.9115009,0.9052178,0.6447005,0.9821897,0.9583825,0.9255157,0.7778815,0.9318174,0.9305832,0.9750235,0.9645659,0.9619559,0.9450073,0.9676787,0.921886,0.9739529,0.92806,0.9707575,0.9448875,0.9696577,0.9625527,0.9425742,0.9535819,0.9809785,0.6564498,0.935937,0.9353288,0.9249777
0.5064592,0.8430214,0.8133824,0.8084592,0.569423,0.8912128,0.8807642,0.8415619,0.7133923,0.8532721,0.8518018,0.8866148,0.8924083,0.8657018,0.8651095,0.8778273,0.8443863,0.9008698,0.8649718,0.9030728,0.8715964,0.8878262,0.8981403,0.8826229,0.8815493,0.9215211,0.6090041,0.863511,0.8533143,0.8318775
0.5027343,0.8332824,0.7879432,0.7972682,0.550525,0.8601802,0.850883,0.805162,0.6892539,0.8235087,0.8232251,0.8496447,0.8730109,0.8363276,0.8420642,0.8431395,0.8370512,0.8688962,0.8087782,0.8749202,0.8340457,0.8592004,0.8778021,0.849952,0.858928,0.8881987,0.5934592,0.8553005,0.8453698,0.8175107
0.5357755,0.8585073,0.7870879,0.8092778,0.5404148,0.8688943,0.8527339,0.7836447,0.6743824,0.8096955,0.8121041,0.8512965,0.8832321,0.8456078,0.8411452,0.8423237,0.8249229,0.8684519,0.7799447,0.8692616,0.8168798,0.8597859,0.8789885,0.842144,0.8582168,0.8870577,0.5948704,0.859172,0.8562794,0.8082222
0.5373706,0.8372663,0.7437176,0.778545,0.5005204,0.8470913,0.8143056,0.7245092,0.6258177,0.7535502,0.7584825,0.8220758,0.8487896,0.8210186,0.7989954,0.8081873,0.7499256,0.8375741,0.7258119,0.821984,0.7577437,0.8200066,0.8467795,0.7900969,0.8119075,0.8394545,0.5635011,0.8031944,0.8082486,0.7451559
0.4768444,0.7495648,0.6531855,0.6994604,0.4388514,0.7656889,0.7287966,0.6324512,0.5506917,0.6644036,0.668174,0.7430254,0.7578144,0.7410091,0.7094647,0.7230632,0.6080618,0.7620725,0.6360478,0.7264023,0.6639495,0.729496,0.7683413,0.7043189,0.7163579,0.7442931,0.5108514,0.6697767,0.6620668,0.6005949
0.4111974,0.638973,0.5545645,0.6103998,0.3766652,0.6695514,0.6257157,0.5341994,0.4746198,0.5654444,0.5690144,0.6477812,0.6453236,0.6451991,0.6062248,0.6225048,0.4894585,0.6715579,0.5486197,0.6123312,0.5596687,0.6241358,0.6752805,0.6116484,0.6052794,0.6266765,0.4488745,0.5400392,0.5235397,0.4711564
0.3609454,0.5350596,0.4666079,0.5286897,0.3150227,0.5915954,0.529869,0.4499793,0.4087882,0.4766482,0.4794401,0.5678675,0.5475671,0.5710277,0.5179826,0.545402,0.4660425,0.5897796,0.4793156,0.5129463,0.4708648,0.5382453,0.5970022,0.522846,0.5106536,0.5238581,0.3830804,0.4907522,0.4826218,0.4394172
0.31741,0.459803,0.4062687,0.4744612,0.2688586,0.5366198,0.458618,0.3897374,0.3544962,0.4133639,0.4165146,0.5090364,0.4725111,0.5149646,0.4523805,0.4878927,0.4221976,0.5306628,0.42077,0.4404355,0.4060934,0.4712893,0.5406457,0.4492171,0.4406054,0.4468474,0.3273058,0.4362994,0.4348485,0.3985266
0.2734209,0.4064803,0.3621366,0.4387459,0.2385796,0.4833326,0.408622,0.3493859,0.3090592,0.3713859,0.372251,0.4609051,0.4166574,0.4633581,0.4048575,0.435793,0.3244718,0.4857365,0.3659714,0.385033,0.3622963,0.4163837,0.4987301,0.3895924,0.3891016,0.394309,0.2870177,0.3476243,0.3426886,0.308536
0.2517066,0.3780402,0.339766,0.4226567,0.2225728,0.4350796,0.3767904,0.3266067,0.2807734,0.3509406,0.3487299,0.4169194,0.3833604,0.4147117,0.3780146,0.3878531,0.2619339,0.4464638,0.3351116,0.358624,0.3379299,0.3770473,0.4760096,0.3513393,0.3604039,0.3642194,0.2630146,0.2931053,0.2903466,0.2636032
0.238962,0.3570338,0.3191705,0.4078957,0.2127912,0.3809253,0.3523894,0.3071071,0.2649122,0.3349786,0.330356,0.3645333,0.3588593,0.3604109,0.360751,0.3355044,0.2398556,0.4065805,0.3183729,0.3411761,0.3180183,0.3431279,0.4603202,0.3286282,0.3402986,0.343309,0.2491459,0.2795651,0.276919,0.2557318
0.2446853,0.3416666,0.3103852,0.3992298,0.2170771,0.342552,0.3380812,0.2961935,0.2664791,0.3315003,0.3207037,0.3233566,0.3434974,0.3185555,0.3520355,0.2974552,0.2600357,0.3747713,0.327208,0.3282221,0.3033738,0.3225513,0.4519611,0.3261839,0.3289963,0.3272585,0.2494031,0.3020798,0.3007385,0.2832353
0.2473837,0.3267831,0.2966536,0.3869587,0.2066326,0.3192918,0.3239917,0.2814079,0.2604031,0.3173583,0.3062929,0.2986701,0.3320911,0.2956078,0.3396343,0.2756252,0.2831353,0.3550668,0.3335732,0.3170175,0.2883947,0.3087651,0.4446178,0.3207491,0.316389,0.3180636,0.2430166,0.3192944,0.3250455,0.3074814
0.2124688,0.2753172,0.2447084,0.3406821,0.1586364,0.2733757,0.273027,0.2344855,0.2121467,0.2636428,0.2530554,0.2519431,0.2835694,0.2490662,0.2937634,0.2317283,0.2655561,0.3124331,0.2875694,0.2684424,0.241041,0.2635289,0.4036677,0.267235,0.267663,0.2714331,0.1967407,0.2889896,0.303912,0.2865144
0.1427856,0.1975914,0.1718924,0.2748493,0.09789991,0.2046859,0.1988339,0.1640929,0.1428362,0.1871248,0.1785394,0.1893623,0.2053158,0.1836636,0.2231322,0.1703775,0.174714,0.2511345,0.1977205,0.1913817,0.1699219,0.1932265,0.3342331,0.1881145,0.1901617,0.1992454,0.1340774,0.193572,0.2026035,0.187857
0.06733634,0.1041662,0.08508942,0.1977299,0.03852051,0.1329195,0.108422,0.07935627,0.06611955,0.09242961,0.08961923,0.1219557,0.1111752,0.1150375,0.1388409,0.1055626,0.0763121,0.1831474,0.08990208,0.09853313,0.08724261,0.1053962,0.2509301,0.09360206,0.09879052,0.1087775,0.06717594,0.08675657,0.08759477,0.07734308
0.01417231,0.03308192,0.02443035,0.1428118,0.005221535,0.07759597,0.03666299,0.01878651,0.01513471,0.02667074,0.02522385,0.07034108,0.03785791,0.06227684,0.07696519,0.05647123,0.01450649,0.1275688,0.02180522,0.02926976,0.02638391,0.03949184,0.1871188,0.02834476,0.03092302,0.04075623,0.02059168,0.01972241,0.02040183,0.01537876
0,4.12E-08,0,0.1233635,0,0.0457138,0,3.31E-08,2.74E-08,0,0,0.03839231,2.97E-08,0.03048434,0.05010845,0.02820467,0,0.09722244,0,6.51E-08,0,0.006978128,0.1570092,8.19E-08,0,0.005920629,3.48E-08,0,0,0
0.0229973,0.005050172,0.01631628,0.1400772,0.02589789,0.04607569,0.002185775,0.02060498,0.02206952,0.01511424,0.01577115,0.0386976,0.00262832,0.03163683,0.06083129,0.03139254,0.03833591,0.0995663,0.02178816,0.007142265,0.01290294,0.01016275,0.1651315,0.01070646,0.008052947,0.005952853,0.007609908,0.0309881,0.02696275,0.03282799
0.05791652,0.03851729,0.05845993,0.1814588,0.0716967,0.07239353,0.03273354,0.06614461,0.06350965,0.05727028,0.05919546,0.06608111,0.032843,0.05886753,0.09428427,0.05742552,0.06968629,0.1290388,0.06376369,0.04044175,0.05176223,0.03723272,0.1981541,0.044144,0.04167202,0.03081215,0.03400277,0.05907037,0.05263659,0.06186283
0.07792447,0.0727575,0.09945936,0.223294,0.1133887,0.09834851,0.0677292,0.1108145,0.09742202,0.09974591,0.1012668,0.09479241,0.063453,0.08527276,0.1259533,0.08248165,0.05390007,0.1609198,0.09286378,0.07060253,0.09091153,0.06219903,0.2307996,0.07552487,0.07402763,0.0598039,0.06119622,0.04698972,0.04132805,0.05323396
0.09799531,0.1058661,0.1358553,0.2595831,0.1491406,0.1206952,0.0994804,0.149297,0.1291849,0.1372758,0.1391052,0.1185137,0.09289502,0.1074318,0.1558181,0.1027544,0.06733559,0.1878137,0.1237209,0.1027772,0.1250626,0.08708376,0.2637676,0.1064965,0.1053504,0.08564475,0.08587763,0.05161182,0.04997369,0.06839556
0.121275,0.1399889,0.1739416,0.295758,0.1849058,0.1425516,0.1335717,0.1883449,0.1633621,0.1766192,0.1775077,0.1410024,0.1250082,0.1306524,0.1874113,0.1239028,0.09706475,0.2149203,0.1605118,0.1369258,0.1600927,0.1127537,0.2969099,0.1426758,0.1382619,0.1148891,0.1115662,0.07514001,0.07675613,0.09734215
0.1428865,0.1738253,0.2124072,0.3337388,0.2157496,0.1686728,0.1705388,0.2268734,0.1932129,0.2159448,0.2155956,0.1684781,0.158911,0.158621,0.2193748,0.1475262,0.1170767,0.2446726,0.1941398,0.1685642,0.1952576,0.1417006,0.3299363,0.1815637,0.1720268,0.1460728,0.1351127,0.09469201,0.09863592,0.1221034
0.1530912,0.1990867,0.2397817,0.3585438,0.236487,0.191668,0.2010255,0.2534974,0.2151595,0.2452795,0.2437605,0.1905397,0.1865292,0.1818589,0.2425876,0.1681854,0.1335541,0.2705914,0.2182391,0.1942499,0.2208951,0.1654211,0.3549668,0.2114779,0.1992189,0.1731599,0.1525528,0.1092904,0.1137895,0.1402839
0.1515868,0.2088922,0.2481364,0.3669524,0.2464602,0.1991154,0.2128545,0.262075,0.2249502,0.2553498,0.254096,0.1975006,0.1975634,0.1889878,0.2517,0.1738134,0.1458882,0.2786544,0.2297969,0.2047512,0.2280545,0.1736723,0.3633178,0.2218105,0.2081059,0.1831879,0.1621002,0.1204704,0.1251702,0.1529305
0.1472977,0.2024965,0.2399823,0.3584092,0.2484402,0.1907124,0.20791,0.2536128,0.2232564,0.2502648,0.2483967,0.1896329,0.1924931,0.180482,0.246454,0.1669296,0.1361146,0.2721578,0.230187,0.2004427,0.2168097,0.1687121,0.3568852,0.2182148,0.2011009,0.1793132,0.1640379,0.1138862,0.1162486,0.1394218
0.13617,0.1870323,0.2221191,0.3444789,0.2442563,0.179086,0.1899244,0.2415459,0.2150561,0.2339762,0.2326598,0.1783074,0.1766004,0.1699658,0.2321975,0.1549175,0.1159205,0.2571349,0.2225638,0.1869061,0.2016514,0.1547168,0.3419589,0.2056572,0.1855563,0.164126,0.1607126,0.09686748,0.09840631,0.1218727
0.1218069,0.1701975,0.2036744,0.3295341,0.2360527,0.163542,0.1696579,0.2259394,0.2048947,0.2162249,0.2150843,0.1630375,0.1596969,0.1563061,0.2170846,0.1407684,0.09806167,0.2405977,0.2113914,0.1715331,0.184838,0.1395584,0.3257704,0.1885381,0.169542,0.1474927,0.1526736,0.08290468,0.08652289,0.1101494
0.1142661,0.1580425,0.1928775,0.3209451,0.2339392,0.1482775,0.1531872,0.2160668,0.2009952,0.2064627,0.2043474,0.1465689,0.1468319,0.1406869,0.2078398,0.1266872,0.1016406,0.225826,0.2083285,0.1616102,0.1761149,0.1293899,0.3162082,0.1752484,0.1600605,0.134758,0.1480752,0.0840399,0.0880555,0.1151334
0.1084354,0.1543328,0.1916049,0.3240739,0.2403473,0.1416006,0.1465333,0.2180406,0.2053192,0.2064849,0.2031917,0.1391966,0.1439759,0.1355366,0.2072704,0.1215046,0.1169222,0.2196254,0.2110435,0.1606814,0.1784348,0.1259798,0.3144387,0.1685263,0.1605012,0.130812,0.1483998,0.09774411,0.09965154,0.1329563
0.1086071,0.1562542,0.1949372,0.3294998,0.2492292,0.1426809,0.1454553,0.2239035,0.2136857,0.2107148,0.20888,0.1396557,0.1469227,0.138006,0.2119347,0.1230294,0.1358681,0.2212422,0.2201858,0.1642785,0.1850162,0.1295664,0.3179637,0.1679416,0.1659989,0.1319875,0.151891,0.113829,0.1136889,0.1495221
0.1182872,0.1654935,0.2065182,0.3407431,0.2647952,0.1497582,0.1523145,0.2387343,0.2318238,0.2240961,0.2224541,0.1457534,0.1570324,0.1452802,0.2232985,0.1301454,0.1608495,0.2281417,0.2408211,0.1746913,0.1973062,0.1384345,0.3282667,0.176228,0.1771444,0.1403757,0.1630301,0.1350885,0.1325696,0.1694988
0.1363105,0.1826222,0.2264131,0.3599196,0.2860796,0.1598565,0.1670602,0.2593894,0.2558335,0.2453423,0.2428226,0.1567094,0.1751845,0.1580701,0.2419096,0.1402314,0.1808978,0.2393815,0.2697218,0.1913966,0.2157926,0.1517571,0.345423,0.1923747,0.1960906,0.1550103,0.180936,0.1552299,0.1502335,0.1864157
0.1560219,0.2021477,0.2481032,0.3796948,0.3150451,0.1687033,0.1871771,0.2821555,0.2820982,0.2724931,0.2667349,0.1664345,0.1948641,0.1676015,0.2619295,0.1493974,0.1754223,0.2511892,0.3031891,0.2134705,0.2360125,0.1670859,0.3643016,0.216481,0.217029,0.1747702,0.2069032,0.15628,0.1494157,0.1820024
0.1829472,0.2271967,0.2711693,0.4033701,0.3597059,0.1746561,0.2046042,0.3061687,0.3221868,0.3003204,0.2925265,0.176137,0.2149024,0.1760878,0.2836568,0.1557696,0.1712896,0.258239,0.3439549,0.2386051,0.2578652,0.1834525,0.38313,0.2563843,0.2406208,0.1936672,0.2500756,0.1537999,0.1462169,0.1834628
0.2099211,0.2575867,0.2958326,0.4291591,0.4058261,0.1829559,0.2271411,0.3345044,0.3734689,0.3327098,0.3201701,0.1846682,0.2402893,0.1864623,0.3089058,0.1651523,0.1905747,0.2688693,0.4002313,0.2706561,0.2807952,0.2010095,0.403731,0.3112313,0.268543,0.2176056,0.3066978,0.1668831,0.1577406,0.1932819
0.2200698,0.2735594,0.3126261,0.4433815,0.4091293,0.1993856,0.2444758,0.352153,0.3851206,0.3490335,0.3387774,0.2021306,0.2581534,0.2050108,0.3244102,0.1811763,0.2153906,0.2851875,0.4089733,0.2871521,0.2981317,0.220519,0.4202479,0.3277791,0.283755,0.2324061,0.3176432,0.1906481,0.1781203,0.216365
0.2177352,0.2896128,0.3323486,0.4627242,0.401971,0.2251539,0.2623017,0.3718448,0.3720532,0.3653746,0.3586025,0.2273131,0.2769395,0.2313199,0.3388161,0.2045543,0.2287916,0.3090656,0.3913094,0.3024532,0.3178402,0.2453315,0.4371954,0.3196673,0.3012708,0.2476705,0.3036545,0.2088305,0.1931213,0.2329039
0.2340485,0.3165792,0.3595862,0.4882693,0.4153832,0.2533564,0.2908951,0.3998663,0.3895806,0.3928038,0.3874857,0.2543674,0.3054625,0.2617147,0.363843,0.2299376,0.247954,0.3366473,0.4101594,0.3309376,0.3434869,0.2779352,0.4606391,0.3427489,0.3280996,0.2721863,0.3196291,0.2269565,0.2077052,0.2455311
0.2680785,0.3442301,0.3862108,0.5109194,0.4361776,0.2859887,0.3201633,0.4248714,0.4147939,0.4204314,0.4148101,0.2858336,0.3333054,0.2946486,0.388355,0.2589568,0.2790017,0.3662026,0.4381008,0.3591457,0.3662147,0.3065561,0.4870278,0.3750867,0.3551731,0.2970906,0.3456064,0.2506057,0.2298716,0.2675058
0.2792994,0.3528509,0.4007275,0.5194885,0.4356176,0.3145646,0.3422587,0.430711,0.4220831,0.4275858,0.4245204,0.3105635,0.3472254,0.3236362,0.3969036,0.2832261,0.2866031,0.3925307,0.4425134,0.3670268,0.3739466,0.3409507,0.4968869,0.3963217,0.3622296,0.3072262,0.3539816,0.2568338,0.2356227,0.2699824
0.2738491,0.3492263,0.3949523,0.5156453,0.4395995,0.3311774,0.3394569,0.4275794,0.4181342,0.4200763,0.4186341,0.3280565,0.3437807,0.3386333,0.3895376,0.2947972,0.2585564,0.405096,0.4345232,0.3629902,0.3728742,0.3434395,0.4942303,0.3865273,0.3563744,0.3049499,0.3549075,0.2266404,0.2051996,0.2403654
0.2575532,0.3408879,0.3824266,0.5065715,0.4415413,0.3287134,0.3278573,0.4190127,0.4153092,0.4095872,0.4090666,0.3275212,0.333482,0.3377983,0.3787805,0.2900406,0.226045,0.4000222,0.4226041,0.3547573,0.3635256,0.3196493,0.4852702,0.3767604,0.345376,0.2947163,0.3581939,0.1929255,0.1733062,0.2077769
0.2530268,0.3439978,0.3819523,0.5067035,0.4437894,0.3277159,0.3304897,0.4187958,0.4225691,0.4118853,0.4094389,0.3242491,0.3352375,0.3370299,0.3797678,0.2865854,0.2169958,0.3987746,0.4258632,0.3548169,0.3613196,0.3170569,0.4851149,0.3850561,0.3461017,0.2943776,0.3683714,0.184216,0.1668622,0.1963298
0.2785587,0.3611345,0.3994508,0.5225158,0.473184,0.3409258,0.3448136,0.4335249,0.4493031,0.4307651,0.426764,0.3360287,0.3510332,0.3473583,0.3947792,0.2953424,0.2348664,0.409804,0.4545867,0.3741167,0.3777636,0.3308364,0.5016696,0.4093948,0.3641926,0.3096527,0.3945958,0.1979775,0.1804104,0.2148801
0.3008921,0.3763995,0.4100411,0.532007,0.4888369,0.351427,0.359606,0.4425609,0.4702376,0.4458195,0.4390368,0.3432005,0.3671104,0.353352,0.4069667,0.3007025,0.2484612,0.4200218,0.4813749,0.3891986,0.3875571,0.3406438,0.5156661,0.434784,0.3793132,0.326063,0.4190677,0.2110603,0.1927879,0.2253446
0.3136026,0.377735,0.4069176,0.5282008,0.4887855,0.3464676,0.361259,0.4349018,0.4803532,0.4437461,0.4345189,0.3342296,0.3699478,0.3460502,0.4063187,0.291319,0.2519747,0.4132848,0.4969265,0.3915007,0.3810348,0.3361923,0.5161653,0.4488519,0.3804784,0.3305321,0.4348124,0.2163086,0.1970078,0.2251547
0.3120923,0.3572893,0.3830052,0.5024724,0.4691765,0.3142806,0.3435049,0.4045683,0.4685388,0.4213359,0.4087536,0.3015815,0.3518255,0.310657,0.3871423,0.2611292,0.2458533,0.3854001,0.4950787,0.3714446,0.3537317,0.3103402,0.497724,0.444487,0.3611871,0.3149042,0.4323397,0.2118233,0.1919299,0.212979
0.310943,0.3259436,0.3502719,0.4685364,0.4392303,0.2749187,0.312129,0.3671283,0.4412491,0.3866242,0.3734867,0.2645535,0.3189298,0.2714977,0.3573666,0.2269093,0.2350827,0.3498425,0.4689378,0.3396779,0.3210501,0.2827204,0.470266,0.4188391,0.3295161,0.2870457,0.4106722,0.1989115,0.1778744,0.2023724
0.303124,0.2895361,0.3160908,0.4339198,0.3901346,0.2395131,0.2775255,0.3290751,0.3940454,0.3464263,0.3337674,0.2295932,0.2820929,0.2348384,0.3234516,0.1961959,0.2240317,0.3171116,0.4182622,0.3020432,0.2850399,0.2508633,0.4372347,0.3712028,0.2934724,0.2532458,0.366036,0.1834678,0.1631439,0.186861
0.2884427,0.2578842,0.2820394,0.4016838,0.3361681,0.2131999,0.2465225,0.2922553,0.3442048,0.309956,0.2978403,0.2040775,0.2517011,0.2080225,0.2935402,0.1752984,0.2135421,0.295,0.3631257,0.2695814,0.2519312,0.231821,0.4066048,0.3182726,0.2616672,0.2236914,0.3148811,0.1723736,0.1529309,0.172943
0.2656645,0.219579,0.2496035,0.3684157,0.2868903,0.1919745,0.2129516,0.2564475,0.2971272,0.2724743,0.2600064,0.1825849,0.2187624,0.1835205,0.2617301,0.1570591,0.1981789,0.2739998,0.3145938,0.232162,0.2229941,0.2064477,0.3745126,0.2675041,0.2289502,0.1956683,0.2666068,0.1576388,0.1413407,0.1654868
0.2197505,0.1708177,0.1999072,0.3212392,0.2324457,0.1661529,0.1666255,0.2021319,0.2397259,0.2177315,0.2066934,0.149692,0.1694666,0.142294,0.2154006,0.1296555,0.1659465,0.2481695,0.2560411,0.1790839,0.1750869,0.1600093,0.3294683,0.2055653,0.1793072,0.1502806,0.209828,0.1258653,0.1144917,0.1351274
0.1361267,0.1024183,0.1323496,0.2569981,0.1641281,0.1001347,0.1030198,0.1344266,0.1660906,0.1446575,0.1340182,0.08113345,0.1027014,0.07543513,0.1541324,0.06948511,0.112992,0.1871956,0.1744086,0.111067,0.1108201,0.08255231,0.2668965,0.128599,0.113804,0.09019051,0.1400001,0.07902687,0.07617728,0.09088463
0.08113167,0.05327014,0.0873538,0.2129082,0.1323572,0.02836261,0.04773317,0.09064043,0.119366,0.09080891,0.08350866,0.02666469,0.04897122,0.02556364,0.1102595,0.01971877,0.08143796,0.1144385,0.1187637,0.06047029,0.06871701,0.02708346,0.2181321,0.07176345,0.06520521,0.04318223,0.0919705,0.04854767,0.05028769,0.07135369
0.08951902,0.03206477,0.07061943,0.1953732,0.113801,4.57E-08,0.02516655,0.07092094,0.1073567,0.0679765,0.05740863,2.41E-08,0.02405746,0,0.0912893,0,0.07087629,0.09113427,0.09496034,0.03898003,0.04294617,6.83E-08,0.1934337,0.04997518,0.04327936,0.01875624,0.07598321,0.03535731,0.03859789,0.04581229
0.1553933,0.0386875,0.09257957,0.2088402,0.1545276,0.007502343,0.02964724,0.09250911,0.1372113,0.08020727,0.07302161,0.01294097,0.02513794,0.01141721,0.1000846,0.00957536,0.0980325,0.09721438,0.1159345,0.04747356,0.06002402,0.009420345,0.204806,0.06476703,0.0506203,0.02176473,0.09272345,0.04297119,0.04670065,0.07068119
0.2084614,0.05712223,0.1178775,0.2284418,0.1815023,0.02290287,0.04773686,0.1171151,0.1715264,0.0993978,0.0926853,0.02856674,0.03783406,0.02538141,0.1161785,0.02547849,0.121924,0.1173895,0.1413963,0.06618222,0.07318045,0.02220538,0.2213606,0.08943661,0.0667889,0.03169814,0.1179789,0.04249446,0.05320501,0.06886046
0.2787751,0.08588241,0.157008,0.2576365,0.2300373,0.04470552,0.07853689,0.154436,0.2223754,0.1326437,0.1237665,0.05122041,0.06294414,0.05039367,0.1418101,0.04708796,0.1602694,0.147172,0.1793905,0.09667991,0.09793061,0.04353322,0.2501297,0.1271743,0.09358241,0.05031805,0.1567462,0.05098395,0.06988718,0.08466134
0.3230777,0.1103491,0.1888912,0.2829691,0.2627466,0.05780829,0.1021799,0.1828637,0.2612606,0.1629736,0.1519052,0.06572578,0.08319706,0.06438854,0.164393,0.06061867,0.1885702,0.167665,0.2135182,0.1212348,0.1194532,0.06192258,0.2747229,0.1599021,0.1169525,0.06740718,0.1900547,0.06087478,0.08332401,0.09569566
0.366586,0.1470208,0.228832,0.3217117,0.3227424,0.08868703,0.1346228,0.2308718,0.3119247,0.2056885,0.1934799,0.09695643,0.1158081,0.09880722,0.1971322,0.08882111,0.2198479,0.1960941,0.2616735,0.1602953,0.1566141,0.09470173,0.3052355,0.204244,0.1537881,0.09456721,0.2348628,0.07802331,0.09786057,0.1142856
0.4037046,0.1905208,0.2737712,0.3670821,0.3825836,0.1233905,0.17049,0.2796003,0.3650989,0.2582168,0.2431631,0.1326071,0.1548729,0.135703,0.2352744,0.1211812,0.2480579,0.2292078,0.3182595,0.2048371,0.1975957,0.1321189,0.3382583,0.2573307,0.1959182,0.1281351,0.2875705,0.09634118,0.1100264,0.1286194
0.4386093,0.2499759,0.3330464,0.4295483,0.4646812,0.1702535,0.2190375,0.34863,0.4348827,0.3259494,0.3121112,0.1820543,0.2095465,0.1913779,0.2883972,0.1651726,0.2722545,0.2685006,0.3882191,0.2630589,0.2570567,0.1842504,0.3835746,0.3299586,0.256509,0.1760557,0.3596748,0.1177838,0.1240152,0.1488323
0.4563155,0.3087806,0.3889877,0.4908232,0.5462149,0.2179697,0.2709148,0.4154014,0.5023535,0.3964754,0.3799231,0.2300076,0.26721,0.2473751,0.3418869,0.2084626,0.2817126,0.30918,0.4602115,0.3226717,0.3160845,0.2366922,0.4269023,0.4000021,0.3146123,0.2245837,0.4317522,0.13591,0.1331453,0.16397
0.4746628,0.3812065,0.4628203,0.56559,0.6491488,0.2796021,0.335193,0.4985475,0.5820838,0.4800172,0.4668202,0.2954308,0.3383411,0.3244721,0.4093796,0.2643948,0.2845952,0.3580193,0.5473792,0.3949915,0.3941388,0.3095985,0.4872509,0.4838914,0.3863879,0.2866161,0.5174888,0.1554595,0.141702,0.1885466
0.4911889,0.464215,0.5413672,0.6449889,0.7308791,0.3462999,0.4129291,0.5796339,0.666564,0.5717108,0.5562637,0.3642088,0.4244451,0.4030571,0.4858787,0.3271862,0.2762102,0.4181263,0.6358651,0.4746679,0.4709311,0.3839637,0.5475514,0.5777178,0.4675483,0.3580822,0.6162603,0.1681427,0.1448681,0.1830474
0.5438323,0.5683317,0.6470677,0.7497296,0.850522,0.4478276,0.5139233,0.692662,0.7784073,0.6885185,0.6773874,0.4676059,0.5302618,0.5169213,0.5815226,0.4161101,0.2904234,0.5026914,0.7532509,0.5797672,0.5795865,0.4921549,0.6358976,0.6945919,0.56859,0.4525755,0.7360082,0.1934792,0.1574906,0.21111
0.6190977,0.6810786,0.7569404,0.851144,0.9425165,0.5668232,0.6299272,0.8027256,0.8852326,0.8070351,0.7972285,0.5869073,0.6482357,0.6378638,0.6835743,0.5193175,0.3112493,0.608146,0.8675895,0.6953627,0.6883987,0.6138293,0.7344443,0.8204495,0.6762214,0.5609049,0.8578124,0.2223939,0.1759607,0.2326662
0.6968428,0.7786124,0.8464429,0.9302029,0.9907661,0.6852381,0.7400758,0.8874398,0.9624599,0.9005843,0.8914493,0.6963924,0.7540226,0.7478671,0.7684343,0.6160765,0.3397183,0.7134039,0.9509401,0.7953846,0.7758793,0.7221195,0.8211322,0.922541,0.7656317,0.6598164,0.9495515,0.2550584,0.2007437,0.2578909
0.7721707,0.843919,0.9036201,0.9737666,1,0.7836329,0.821624,0.9348291,1,0.9570137,0.9488357,0.7866958,0.8310392,0.833737,0.8257064,0.6923926,0.3740556,0.8013601,0.9969252,0.8627082,0.8307219,0.8056469,0.884876,0.9876615,0.8246633,0.7335665,1,0.2896981,0.2294692,0.2847783
0.8299786,0.8632577,0.9153872,0.9722158,0.9654888,0.8387649,0.8595785,0.9343295,0.9926233,0.9629946,0.9570748,0.8280729,0.8609127,0.8655295,0.8391883,0.7278458,0.4088242,0.8517203,0.9949965,0.883791,0.8381112,0.8414562,0.9117273,1,0.8386991,0.7624815,0.9981068,0.3200651,0.2574398,0.3057882
0.8880243,0.8498904,0.9016033,0.9443423,0.9108157,0.8574901,0.8652343,0.9025681,0.9645666,0.9395568,0.930841,0.8350138,0.8582417,0.8627957,0.8246894,0.7337416,0.4553312,0.8743163,0.9665185,0.8686198,0.8147529,0.8418688,0.9123906,0.9788463,0.8248676,0.7598743,0.9660076,0.351015,0.2901259,0.331071
0.9511053,0.8197016,0.875798,0.9017335,0.8559356,0.8545121,0.850431,0.858471,0.9311414,0.9000148,0.8899208,0.8225233,0.8348223,0.8341745,0.7937209,0.7211821,0.5242922,0.8797143,0.9333097,0.8417959,0.779027,0.8203648,0.9031405,0.9415005,0.79522,0.7404997,0.9221123,0.3861291,0.3297269,0.3673143
0.9928814,0.7873694,0.8398246,0.8566297,0.790834,0.8248941,0.8281794,0.8113719,0.8894163,0.855208,0.8431338,0.786854,0.8067446,0.7923694,0.75717,0.6882825,0.5692934,0.8612912,0.8922517,0.8044326,0.7337773,0.7792375,0.8821412,0.9014137,0.7633296,0.7149497,0.8741707,0.4156411,0.360992,0.3837135
1,0.7522347,0.797963,0.8144156,0.7269249,0.7790603,0.7968445,0.7658273,0.8384147,0.8119449,0.7939385,0.73811,0.77552,0.7434605,0.719961,0.6441819,0.5755916,0.8260767,0.8461411,0.7657065,0.6901327,0.7274657,0.8470193,0.852052,0.7282072,0.6843938,0.8221696,0.4295325,0.3741552,0.3838525
0.9819624,0.7085223,0.7474098,0.7661095,0.6680203,0.7221623,0.7553415,0.7103708,0.7809685,0.7611192,0.7406498,0.6838038,0.7347189,0.6879414,0.6760445,0.595286,0.5590525,0.780122,0.7922174,0.7148025,0.6391104,0.6715932,0.804476,0.7972799,0.6876367,0.6480268,0.7646193,0.4306058,0.3730876,0.3674481
0.9437414,0.6540789,0.6897131,0.7120174,0.6142814,0.665167,0.7014157,0.6560627,0.7236412,0.7044851,0.6863034,0.6326895,0.6807674,0.6315008,0.6256401,0.5446695,0.5404515,0.7221677,0.7353358,0.6564945,0.5923931,0.6161637,0.7552551,0.7358817,0.6355296,0.6014129,0.7055206,0.4176476,0.3581153,0.359451
0.8702503,0.5818089,0.6159689,0.6428764,0.5389895,0.5908295,0.6293969,0.5788012,0.6450028,0.6274148,0.6099481,0.5621317,0.6087781,0.5584077,0.5582395,0.4810121,0.4970581,0.6510984,0.6577336,0.5843476,0.5223846,0.5434812,0.6866868,0.6566224,0.565145,0.5373297,0.6276042,0.3867469,0.327904,0.322006
0.7728545,0.5005128,0.530727,0.564384,0.4583103,0.5078183,0.5489575,0.4934177,0.5561166,0.5409752,0.5241512,0.4824936,0.5292493,0.477726,0.4839496,0.4122728,0.4266518,0.5719122,0.5662152,0.5008222,0.4434306,0.4622957,0.6075675,0.5687056,0.4863003,0.4612703,0.5417255,0.3401274,0.2834497,0.2682357
0.665204,0.4147009,0.4449714,0.4886881,0.3910853,0.4254437,0.4607008,0.4136539,0.4701671,0.4524078,0.4422187,0.4043875,0.4421181,0.398867,0.4074136,0.3433667,0.3546152,0.4852526,0.4755941,0.4122604,0.3704805,0.3822574,0.5250932,0.4779856,0.4026802,0.3838056,0.4550967,0.288202,0.237048,0.2283255
0.5417054,0.3328144,0.356548,0.4105135,0.304117,0.3419918,0.3758727,0.3303437,0.3794109,0.368405,0.3565121,0.323082,0.3599634,0.3194476,0.3344173,0.2757953,0.281983,0.4021415,0.3789784,0.3247517,0.2920449,0.3003637,0.4398756,0.3918847,0.3241725,0.3063323,0.3679467,0.2333243,0.1896624,0.169556
0.4318613,0.2632998,0.2902146,0.3557363,0.2652911,0.2793973,0.3036833,0.2752411,0.3085855,0.2992541,0.2944987,0.2634193,0.2882702,0.258618,0.2745515,0.2256177,0.2275358,0.3310953,0.3053232,0.2552406,0.2394354,0.2374533,0.3684664,0.3228233,0.2584297,0.2428728,0.2941447,0.1904023,0.1544589,0.1463611
0.3455298,0.223096,0.2540686,0.3265666,0.2390895,0.2414127,0.2597502,0.243269,0.2653244,0.2623241,0.2648421,0.2329794,0.2425499,0.2270079,0.2409331,0.2003589,0.1888636,0.286651,0.2608759,0.2144893,0.2123119,0.2054859,0.3232639,0.2867951,0.2188992,0.2056142,0.2467987,0.1576096,0.125209,0.1293534
0.2708977,0.2062059,0.2357803,0.3192928,0.2171448,0.2257994,0.2444391,0.2373205,0.2320554,0.2471919,0.2530171,0.2166495,0.226245,0.2132749,0.2275574,0.1915849,0.1398696,0.2641853,0.2257495,0.1926997,0.2003321,0.1872487,0.2914636,0.2672035,0.2032759,0.1890614,0.2128404,0.1288936,0.09859303,0.09844754
0.2475917,0.2162532,0.2430304,0.3292648,0.2166516,0.2340165,0.2508248,0.2489967,0.2256009,0.2581141,0.2650922,0.2264026,0.2326674,0.2213005,0.2373452,0.203131,0.124926,0.2724384,0.2223374,0.1969504,0.2125514,0.1936141,0.2908201,0.2666996,0.2102017,0.1939747,0.2035334,0.1162534,0.08642093,0.08947163
0.2532449,0.236191,0.2657347,0.3527094,0.2365545,0.2555872,0.2682498,0.2765473,0.2385917,0.2813904,0.2924385,0.2523761,0.2524217,0.2434783,0.255712,0.2254776,0.1207745,0.289864,0.2329311,0.2123599,0.2416435,0.2155537,0.3083802,0.276428,0.2325643,0.2146158,0.2111231,0.1184653,0.08867333,0.1052524
0.2419172,0.2367308,0.2594475,0.3456827,0.2146295,0.2552809,0.2672132,0.2634677,0.2266691,0.2743919,0.2861714,0.2512627,0.2519909,0.2405268,0.2530268,0.2258928,0.1149561,0.2920008,0.225326,0.2106319,0.2367891,0.2111222,0.3019199,0.2662806,0.229657,0.2134487,0.2006983,0.1134241,0.08397736,0.09234436
0.2425202,0.2277095,0.2480395,0.3346496,0.2140838,0.2517865,0.2530772,0.2562075,0.2205356,0.2646782,0.2763702,0.2517662,0.2426087,0.2401937,0.2434774,0.2234651,0.1180693,0.2812113,0.2210544,0.2061592,0.2362711,0.2093934,0.2942363,0.2544924,0.22268,0.2086516,0.193786,0.1184399,0.08416165,0.1075517
0.2089152,0.1897811,0.1976472,0.2867952,0.1569088,0.2140051,0.210601,0.2017275,0.1748601,0.2170967,0.2207638,0.209233,0.2048944,0.2010104,0.2050966,0.1869395,0.09431601,0.2415809,0.175796,0.1702692,0.1858543,0.1699698,0.2515936,0.2157707,0.1835957,0.1718626,0.158803,0.1049144,0.07045953,0.07426828
0.1823356,0.1450626,0.1480478,0.2383434,0.1264404,0.1723159,0.1577215,0.1581517,0.1390047,0.166464,0.1708983,0.1691585,0.1577792,0.1614824,0.1620431,0.1487323,0.08159666,0.1903516,0.1361699,0.1303427,0.1452696,0.1351903,0.2066476,0.1571658,0.1410594,0.1324273,0.1256626,0.09482256,0.06014484,0.06979888
0.1577261,0.1023384,0.1033642,0.1903035,0.09176115,0.1323167,0.1095103,0.1120418,0.1003126,0.117529,0.1210617,0.1296856,0.1141027,0.1260086,0.1220553,0.1124683,0.07285918,0.1434085,0.09829149,0.09505942,0.102676,0.1004454,0.1645149,0.1076962,0.09881388,0.09471747,0.09206184,0.08225937,0.04868503,0.05896674
0.1331905,0.06943737,0.07273359,0.1577863,0.06853441,0.1008677,0.07480684,0.08033297,0.07121621,0.08112293,0.0850435,0.09598512,0.07742469,0.09257163,0.09150212,0.08322294,0.06715775,0.1047317,0.0682757,0.06644599,0.07242408,0.07410337,0.1314167,0.07330929,0.06722118,0.06614295,0.06480216,0.06956404,0.04177124,0.05294276
0.1091441,0.04659439,0.04746053,0.1300462,0.04804087,0.07108951,0.049,0.05150483,0.04784716,0.05375398,0.05526885,0.06951917,0.05326941,0.06899214,0.0701989,0.0591975,0.05418789,0.07229024,0.04138833,0.03950893,0.04673046,0.05133471,0.105537,0.04840115,0.04462971,0.04545062,0.04442599,0.05542854,0.03647016,0.04579705
0.08748434,0.02773459,0.0284538,0.1092241,0.03032647,0.04737343,0.0295607,0.03328593,0.02873146,0.03344889,0.03431375,0.04483779,0.03191772,0.04299849,0.052281,0.03823832,0.05237929,0.04817302,0.02679162,0.02776548,0.02980393,0.03278599,0.08375168,0.02879125,0.02699459,0.02809657,0.02731939,0.04308905,0.03262879,0.04130048
0.07252064,0.01314422,0.01300715,0.09133378,0.01408655,0.02327206,0.0134303,0.01550838,0.01637837,0.0140107,0.01737688,0.02261026,0.01389179,0.02150804,0.03862844,0.01830694,0.04732521,0.02307423,0.01352817,0.01309639,0.01348434,0.01592477,0.06434055,0.01208887,0.01110136,0.01556196,0.01201903,0.03331862,0.02929917,0.03641605
0.06262067,2.06E-08,9.04E-08,0.07607805,3.10E-08,4.57E-08,1.32E-08,0,0,0,2.58E-08,4.81E-08,0,1.23E-07,0.02764901,0,0.04349202,1.30E-08,2.30E-08,0,3.04E-08,1.14E-07,0.04861512,0,0,0.004788932,0,0.02676134,0.02871783,0.03373762
