Yields,800,804,808,812,816,820,824,828,832,836,840,844,848,852,856,860,864,868,872,876,880,884,888,892,896,900,904,908,912,916,920,924,928,932,936,940,944,948,952,956,960,964,968,972,976,980,984,988,992,996,1000,1004,1008,1012,1016,1020,1024,1028,1032,1036,1040,1044,1048,1052,1056,1060,1064,1068,1072,1076,1080,1084,1088,1092,1096,1100,1104,1108,1112,1116,1120,1124,1128,1132,1136,1140,1144,1148,1152,1156,1160,1164,1168,1172,1176,1180,1184,1188,1192,1196,1200,1204,1208,1212,1216,1220,1224,1228,1232,1236,1240,1244,1248,1252,1256,1260,1264,1268,1272,1276,1280,1284,1288,1292,1296,1300,1304,1308,1312,1316,1320,1324,1328,1332,1336,1340,1344,1348,1352,1356,1360,1364,1368,1372,1376,1380,1384,1388,1392,1396,1400,1404,1408,1412,1416,1420,1424,1428,1432,1436,1440,1444,1448,1452,1456,1460,1464,1468,1472,1476,1480,1484,1488,1492,1496,1500,1504,1508,1512,1516,1520,1524,1528,1532,1536,1540,1544,1548,1552,1556,1560,1564,1568,1572,1576,1580,1584,1588,1592,1596,1600,1604,1608,1612,1616,1620,1624,1628,1632,1636,1640,1644,1648,1652,1656,1660,1664,1668,1672,1676,1680,1684,1688,1692,1696,1700,1704,1708,1712,1716,1720,1724,1728,1732,1736,1740,1744,1748,1752,1756,1760,1764,1768,1772,1776,1780,1784,1788,1792,1796,1800
4.1555,0,0,0,0,0,0,0,0,0,0,0,0,0,0,0,0,0,0,0,0,0,0,0,0,0,0,0,0,0,0,0.00637226,0.006721509,0.000340653,0.010244639,0.028234381,0.050620432,0.085730167,0.131749703,0.185715576,0.24319355,0.299343328,0.362420894,0.424145696,0.479483406,0.528688624,0.570626455,0.614345864,0.657630427,0.703344117,0.750612273,0.800677482,0.849600008,0.897324783,0.938232904,0.967506297,0.985397518,0.997377411,1,0.991876241,0.971268961,0.937591431,0.894153554,0.846377326,0.795556955,0.747595918,0.705945265,0.675319852,0.646847706,0.615407671,0.579494309,0.534777702,0.489252552,0.434895469,0.377003192,0.317181066,0.263087982,0.215787339,0.174877543,0.140582319,0.116498894,0.100666187,0.094610467,0.088719039,0.090460053,0.083481205,0.075210259,0.06257815,0.047161248,0.030621218,0.015593701,0.002597694,0.005410716,0.006214146,0,0,0,0,0,0,0,0,0,0,0,0,0,0,0,0,0,0,0,0,0,0,0,0,0,0,0,0,0.006227294,0.005246443,0.001833543,0.013410876,0.028803521,0.046605513,0.069438972,0.090213455,0.108302566,0.124833757,0.135151294,0.150543407,0.163315053,0.170653908,0.174261438,0.175792374,0.174469783,0.176297081,0.184142149,0.20310959,0.219045628,0.230051663,0.23493179,0.231613457,0.21918109,0.208558788,0.200361007,0.206281038,0.220667595,0.24339408,0.261884592,0.278008237,0.292602685,0.294112678,0.282164941,0.266827622,0.2423853,0.216298878,0.189066576,0.162373379,0.143156728,0.121717071,0.101763494,0.07745085,0.053850295,0.032184504,0.012245027,0.000253044,0.005930379,0.006231681,0,0,0,0.006297746,0.005352917,0.000357192,0.011297575,0.030410292,0.052047274,0.075705624,0.097777136,0.124811964,0.153921874,0.179877128,0.216069316,0.257879588,0.304445785,0.351936311,0.394977389,0.437064065,0.476514926,0.521222208,0.564496559,0.605268356,0.642678389,0.676973175,0.701422143,0.712443612,0.713087894,0.706452587,0.692590825,0.67441323,0.652365096,0.629631086,0.605373742,0.58148917,0.556179092,0.528998808,0.500660113,0.472904511,0.444399449,0.417384694,0.385337891,0.349088318,0.307405124,0.265221459,0.221854101,0.18044524,0.149017162,0.118159744,0.09040391,0.068282484,0.046423053,0.027701959,0.011445011,0.001096085,0.005430623,0.005864525,0,0,0,0,0,0,0,0,0,0,0,0,0,0,0,0,0,0,0,0,0,0
19.623,0,0,0,0,0,0,0,0,0,0,0,0,0,0,0,0,0,0,0,0,0,0,0,0,0,0,0,0,0,0,0.006098711,0.006798781,0.000871902,0.00651253,0.025178501,0.055465752,0.09650733,0.146304096,0.201970925,0.258748357,0.311717275,0.368141771,0.420048219,0.463200151,0.505694025,0.545975733,0.585472891,0.62610997,0.671325081,0.719904573,0.772899391,0.825364925,0.874736347,0.917220285,0.951484154,0.976041681,0.993309406,1,0.995256182,0.976833663,0.94359448,0.898590827,0.846807056,0.793460909,0.747127417,0.707906251,0.679470083,0.654371495,0.628409435,0.59770843,0.557252726,0.51086581,0.458775057,0.406150226,0.360481709,0.31478018,0.271986878,0.232922767,0.198529872,0.167145112,0.14248329,0.125059387,0.114549864,0.110715236,0.111731714,0.113019737,0.105329806,0.091027325,0.071604599,0.048516769,0.028361613,0.011654849,0.000508443,0.005331937,0.005575801,0,0,0,0,0,0,0,0,0,0.005203635,0.004024475,0.001937479,0.01173872,0.025052655,0.039777186,0.053728091,0.065318793,0.077569047,0.077463959,0.06500353,0.053341391,0.039027116,0.024501333,0.012016545,0.002083178,0.004138005,0.005148749,0,0.004798084,0.003951967,0.001744845,0.010703988,0.022775921,0.036068919,0.049862844,0.063516761,0.075439254,0.085718085,0.088109515,0.093290552,0.097514049,0.101265342,0.10565074,0.110763578,0.118370739,0.125330473,0.133276902,0.140908031,0.143481403,0.142487042,0.139411708,0.135613077,0.132372092,0.131666176,0.133283884,0.135105284,0.13872959,0.141731624,0.14276867,0.138463153,0.133306841,0.126538189,0.118008295,0.1087075,0.099205422,0.094710474,0.084707315,0.071335406,0.055266763,0.037354988,0.02293874,0.010671783,0.001196351,0.004249091,0.004816933,0,0,0,0,0,0,0,0,0,0.005398263,0.005111271,5.93E-05,0.011882802,0.026811856,0.045895396,0.065511437,0.081637585,0.103894067,0.12835212,0.152809477,0.188070023,0.228393866,0.274619962,0.320201988,0.365793899,0.403971855,0.434357274,0.463472728,0.484319869,0.49696941,0.501961505,0.499668959,0.492060664,0.47994941,0.466397209,0.450774927,0.434825295,0.417499054,0.399500293,0.38023112,0.360038424,0.338440905,0.317960004,0.293300741,0.26537374,0.23327581,0.201149136,0.169141737,0.143054045,0.114135297,0.086063717,0.061495501,0.04264996,0.024837755,0.010585829,0.00031064,0.004947778,0.005071141,0,0,0,0,0,0,0,0,0,0,0,0,0,0,0,0,0,0,0,0,0,0,0
19.9734,0,0,0,0,0,0,0,0,0,0,0,0,0,0,0,0,0,0,0,0,0,0,0,0,0,0,0,0,0,0,0.002654324,0.002806704,0.00046548,0.002079966,0.009509653,0.022050392,0.040937872,0.065301762,0.094879799,0.129740144,0.166625438,0.212017947,0.263068064,0.319740182,0.390360737,0.468264281,0.551004641,0.631414214,0.704932023,0.76856437,0.820189553,0.861194332,0.893715074,0.920601277,0.947561625,0.969288614,0.989152745,1,0.998280056,0.982878404,0.950850434,0.907411575,0.859317444,0.811203297,0.772075338,0.740919111,0.722148627,0.704941863,0.68084004,0.645794458,0.591970886,0.529617436,0.466634003,0.408275847,0.360934451,0.322708084,0.292385465,0.264204626,0.236092663,0.209473407,0.18186925,0.160423376,0.149417133,0.147150313,0.154956152,0.165808392,0.177097209,0.179861325,0.166488705,0.141041248,0.107201445,0.070584008,0.037052339,0.010362735,0.004792846,0.009866587,0.00467466,0,0,0,0,0,0,0,0,0,0.002423509,0.002160323,0.000951755,0.006226913,0.014877645,0.020648907,0.023540698,0.023553018,0.020685867,0.014939246,0.006313153,0.000933683,0.002083231,0.005178768,0.002367874,0.000257409,0.006062016,0.013334103,0.022536895,0.032292155,0.041146701,0.04792426,0.050888871,0.049949611,0.050243757,0.050309293,0.050904876,0.054285153,0.061233938,0.070289026,0.080367742,0.090877775,0.102140939,0.112941188,0.121708952,0.128463765,0.127908798,0.12326838,0.112823581,0.098923202,0.08366892,0.070209378,0.061877516,0.056884289,0.060740719,0.067849075,0.073507515,0.078136316,0.080043601,0.079281678,0.076321154,0.071718903,0.065468435,0.058861301,0.056112607,0.052609609,0.051437955,0.046940994,0.040043406,0.031372972,0.022441823,0.013659643,0.005587519,0.000134632,0.002591514,0.002499011,0,0,0,0,0,0,0.002331679,0.002016361,0.000630095,0.005109217,0.011639942,0.01869818,0.025605008,0.03238119,0.038181475,0.041792512,0.041381027,0.042498215,0.044058684,0.045538025,0.047668001,0.048442719,0.052481078,0.060223496,0.070806465,0.083165863,0.096740613,0.110161837,0.123313816,0.134749326,0.144980205,0.153237723,0.163307008,0.172731247,0.181529894,0.188578545,0.193243381,0.193610716,0.190539789,0.185376769,0.178510383,0.169461801,0.160439536,0.146846911,0.130739965,0.112309048,0.093561485,0.07733246,0.059862736,0.043930341,0.030269705,0.019708337,0.012759677,0.005381732,0.000232376,0.002672187,0.002565506,0,0,0,0,0,0,0,0,0,0,0,0,0,0,0,0,0,0,0,0,0,0
14.5358,0.020456866,0.00844746,0.000864649,0.003379695,0.00403129,0,0,0,0,0,0,0,0,0,0,0,0,0,0,0,0,0,0,0,0,0,0,0,0,0,0,0,0,0.005458108,0.0056892,0.000608122,0.006052511,0.022399462,0.049757936,0.084050205,0.124814942,0.169073391,0.213505422,0.25276631,0.293687485,0.330716221,0.361152693,0.395584174,0.433275862,0.473383107,0.519762671,0.571948073,0.630533679,0.692182551,0.755121123,0.816174092,0.877691108,0.932087346,0.974670432,0.999437178,1,0.979184565,0.940626034,0.891203311,0.841704785,0.797046062,0.766805913,0.74234361,0.721434651,0.696940002,0.662324803,0.620877389,0.572047872,0.521550818,0.473531259,0.429434295,0.39210437,0.359813718,0.332191343,0.30639313,0.282074421,0.259835121,0.238581848,0.221205016,0.203526935,0.184872308,0.164148393,0.145651621,0.121070969,0.092420685,0.064416083,0.039432448,0.019826411,0.007691376,0.000549138,0.004464855,0.004531629,0,0,0,0,0,0,0.004427767,0.00411538,0.001186389,0.010383244,0.022873889,0.036464296,0.050298895,0.061878266,0.070373512,0.073696245,0.0695887,0.071245186,0.066878235,0.05792397,0.046464476,0.03335057,0.020770474,0.009318619,0.001126975,0.003550431,0.004192652,0.004354992,0.003423531,0.001601085,0.009880914,0.020524197,0.032964149,0.044942577,0.055014954,0.062428898,0.066539629,0.066480438,0.073815342,0.080222269,0.086630314,0.093946885,0.102048363,0.110207425,0.117720014,0.124759128,0.131088801,0.136297353,0.141000056,0.141568968,0.140797553,0.14031221,0.139994425,0.140954916,0.14151391,0.139686366,0.137642422,0.133643565,0.127542073,0.118883506,0.10870317,0.097971149,0.090959364,0.079437571,0.064527843,0.047688867,0.033302412,0.020297168,0.009411697,0.001021242,0.003717421,0.004335026,0,0,0,0,0,0,0,0,0,0,0,0,0.004779139,0.004865417,0.000162725,0.009499315,0.022278481,0.040770158,0.061038853,0.085122668,0.112718758,0.142847236,0.172737324,0.211269599,0.252867077,0.296807747,0.3387729,0.379882798,0.413242152,0.441051531,0.461338221,0.474569438,0.479987661,0.478759052,0.471294664,0.459866469,0.444507988,0.427706935,0.408441757,0.387475966,0.365250781,0.343765598,0.322038575,0.302473634,0.27906971,0.250889342,0.221677131,0.190548035,0.159633934,0.129250945,0.106030964,0.083587046,0.063731851,0.048296762,0.032310017,0.017954726,0.003785179,0.002801219,0.001277014,0.010249839,0.022984746,0.028151802,0.029836049,0.028037486,0.022756114,0.013991933,0.001744943,0.003160115,0.004076546,0,0,0,0,0,0,0,0,0,0,0,0,0
7.8024,0,0,0,0,0,0,0,0,0,0,0,0,0,0,0,0,0,0,0,0,0,0,0,0,0,0,0,0,0.002692445,0.002237615,0.000479609,0.005112202,0.008423064,0.01756586,0.029671104,0.047286693,0.068694562,0.094842982,0.124645616,0.16425563,0.208534641,0.258165101,0.312577492,0.377641849,0.451669151,0.531252799,0.610050302,0.684192297,0.748865211,0.802141111,0.842428041,0.872887202,0.897532774,0.919009554,0.943928615,0.965775827,0.986704863,0.999602352,1,0.98614767,0.954424184,0.910882381,0.863103592,0.815418226,0.776682764,0.74474343,0.722707443,0.700457609,0.669925735,0.628564888,0.569619482,0.504422177,0.442576809,0.387659692,0.345463431,0.311509108,0.283909098,0.257345631,0.227530135,0.196556415,0.161984812,0.133740495,0.116118736,0.107828797,0.113401635,0.119523496,0.124355443,0.124313747,0.112791428,0.093302104,0.068047093,0.042565529,0.019956145,0.003828495,0.001986461,0.005383224,0.003133809,0,0,0,0,0,0,0,0,0,0,0,0,0,0,0,0,0,0,0,0,0,0,0,0.003129016,0.002849217,0.000854056,0.006868509,0.015931502,0.026366673,0.03624818,0.044512703,0.049797388,0.05085038,0.047556823,0.048247764,0.050294285,0.053594009,0.058897152,0.063129933,0.06985466,0.078906072,0.090994505,0.103930814,0.117801583,0.132333996,0.139227593,0.137464942,0.127993446,0.111541218,0.094864104,0.079813616,0.070551324,0.066434514,0.068243817,0.074056632,0.078118029,0.081233824,0.083216387,0.082674745,0.079714822,0.076443652,0.073267869,0.069041401,0.066113568,0.062991167,0.062520615,0.057542261,0.049193213,0.038672231,0.027006955,0.016486709,0.007223095,5.36E-06,0.002900692,0.003170611,0,0.003206509,0.0027303,0.000363972,0.00681466,0.015026108,0.025844249,0.03731148,0.049277229,0.058427096,0.068281059,0.076308909,0.087860723,0.098975157,0.111114534,0.121659618,0.128460536,0.13079932,0.130285229,0.127156372,0.126964071,0.128235216,0.131536004,0.139129536,0.14910625,0.159604511,0.16789239,0.176668998,0.186838266,0.198825587,0.213942091,0.231059951,0.249900578,0.268610461,0.28320064,0.292771348,0.295620464,0.29285931,0.286985212,0.277777467,0.265088196,0.250645384,0.234597845,0.215469181,0.196802952,0.17299267,0.1472254,0.12123125,0.100627197,0.078439316,0.056334667,0.038262423,0.023430209,0.012346797,0.006314395,1.63E-05,0.002825497,0.003123257,0,0,0,0,0,0,0,0,0,0,0,0,0,0,0,0,0,0,0,0,0
25.8918,0.038144653,0.023133237,0.009347564,0.000720737,0.003929741,0.004402021,0,0,0,0,0,0,0,0,0,0,0,0,0,0,0,0,0,0,0,0,0,0,0,0,0,0,0,0,0.006053601,0.006056639,0.00036641,0.006578944,0.024058142,0.054686045,0.0927903,0.136262894,0.182638518,0.227366962,0.264526892,0.304149236,0.338120987,0.367057719,0.402106751,0.443551031,0.488104142,0.538657565,0.597741777,0.661224628,0.724467191,0.785978421,0.851178837,0.911366587,0.960980334,0.993193041,1,0.985111412,0.952436952,0.906768093,0.857862527,0.814480436,0.788583456,0.769379797,0.754275022,0.734708115,0.702766956,0.662351892,0.613325165,0.561925593,0.512981517,0.467867002,0.429782063,0.396441484,0.366626492,0.33938272,0.312520018,0.287364816,0.263264982,0.245495407,0.223150156,0.201059167,0.178136988,0.157934356,0.130829307,0.100853966,0.070799825,0.044100073,0.023392997,0.011299027,0.000910637,0.0054452,0.00511107,0,0,0,0,0,0,0,0.004953072,0.004637362,0.001770012,0.011974774,0.025601468,0.040012633,0.054341702,0.066368606,0.073896896,0.079752381,0.071784813,0.062514457,0.050696117,0.036728489,0.023306846,0.01085281,0.001664549,0.003860456,0.004806692,0.004438924,0.003681319,0.001792052,0.010389211,0.021246039,0.033598055,0.045553617,0.056172982,0.063778641,0.067489912,0.066618749,0.07142717,0.080419706,0.088209741,0.095887855,0.104223713,0.112363558,0.1214105,0.129797927,0.137484066,0.144386435,0.150227069,0.155782709,0.156813377,0.1563829,0.155965139,0.155705767,0.157115711,0.158093805,0.158163379,0.1537464,0.148081862,0.140942568,0.131939487,0.120871986,0.109683396,0.102397735,0.090252421,0.074536046,0.057001462,0.037941284,0.02275082,0.010329486,0.001049666,0.004490102,0.004747942,0,0,0,0,0,0,0,0,0,0,0,0,0.00531674,0.005615216,0.000462549,0.010582012,0.025330119,0.043655558,0.070468604,0.101076392,0.134848196,0.170623776,0.204826611,0.246918811,0.291013511,0.336344974,0.377971027,0.417208664,0.454054162,0.482160399,0.502140268,0.514673756,0.518676689,0.515128114,0.50488581,0.490756303,0.472868741,0.453978692,0.433007573,0.410880835,0.387747173,0.365258535,0.3422486,0.321024335,0.295716122,0.265626728,0.234607709,0.201815802,0.169499827,0.138017033,0.113974205,0.090291948,0.069087015,0.052343351,0.034983085,0.019453022,0.008667682,0.000273595,0.003791667,0.004378459,0,0,0,0,0,0,0,0,0,0,0,0,0,0,0,0,0,0,0,0,0,0
20.1987,0,0,0,0,0,0,0,0,0,0,0,0,0,0,0,0,0,0,0,0,0,0,0,0,0,0,0,0,0,0,0.006435934,0.006680488,0.005088898,0.006996015,0.031634277,0.066429795,0.110175658,0.161234131,0.216736029,0.272401932,0.322851946,0.377319065,0.427979964,0.482333651,0.536978196,0.589429172,0.641081614,0.691974848,0.743423926,0.793658285,0.843951021,0.890321203,0.9308642,0.962297397,0.985695753,0.998330042,1,0.989675966,0.969181816,0.938652057,0.90058803,0.85528393,0.80518428,0.754592991,0.710079491,0.669292121,0.633755836,0.60033722,0.566094022,0.529366449,0.487647603,0.442567778,0.39274846,0.345727445,0.303814447,0.269543991,0.237460144,0.207274085,0.178339054,0.152098262,0.127341861,0.10641096,0.091186782,0.083669487,0.083333674,0.091701025,0.089234243,0.080578843,0.066601908,0.049400088,0.03037837,0.013388159,0.001452607,0.005803435,0.005611655,0,0,0,0,0,0,0,0,0,0,0,0,0,0,0,0,0,0,0,0,0,0,0,0,0,0.004972787,0.004074511,0.001668361,0.010497936,0.022695829,0.036972996,0.052457041,0.071255693,0.086806933,0.098532943,0.107580757,0.122162816,0.13537322,0.145221417,0.150611878,0.152224444,0.152389213,0.150142329,0.154675943,0.160302069,0.168881576,0.176599325,0.181551156,0.182565005,0.177510754,0.169653358,0.157231812,0.150215621,0.15941937,0.170586759,0.186138478,0.20332845,0.220425609,0.237915649,0.245543926,0.242606127,0.22843213,0.209476613,0.18832014,0.165200612,0.142284086,0.125880543,0.107322414,0.089947619,0.068893692,0.048335462,0.029300348,0.011564192,0.000520943,0.005465851,0.005650285,0,0,0,0,0,0.005807159,0.004900098,0.000525826,0.010583123,0.027636531,0.047052348,0.065496894,0.08987193,0.116806432,0.145301386,0.175261982,0.21564098,0.255572572,0.296241076,0.339108422,0.377535281,0.412857187,0.449820822,0.484319737,0.51602394,0.545598415,0.567045521,0.577357435,0.578846334,0.57382996,0.562490943,0.547227677,0.528537811,0.509154545,0.488756862,0.469338825,0.449314241,0.428186233,0.406310194,0.385024611,0.363032955,0.342006933,0.316513871,0.286882928,0.252286156,0.216638342,0.181102044,0.146282962,0.119962513,0.094590396,0.072120356,0.054607321,0.037338181,0.022356333,0.009135272,0.000546937,0.00402487,0.004793822,0,0,0,0,0,0,0,0,0,0,0,0,0,0,0,0,0,0,0,0,0,0
21.1667,0.003246406,0.003794567,0,0,0,0,0,0,0,0,0,0,0,0,0,0,0,0,0,0,0,0,0,0,0,0,0,0,0,0,0.003426784,0.004187314,0.001177003,0.002161652,0.014099427,0.033486772,0.061696815,0.094793287,0.131497157,0.170008691,0.208073872,0.249627564,0.290992177,0.329093996,0.370017011,0.410171465,0.44988991,0.4877824,0.52690812,0.568999639,0.615949179,0.666513244,0.720992814,0.776201296,0.831708541,0.883208764,0.931912759,0.970670904,0.994696692,1,0.982218139,0.945624328,0.895864945,0.839838408,0.788347088,0.743574517,0.712624777,0.686761433,0.66212435,0.633480719,0.594712182,0.550350772,0.50114692,0.452063615,0.407087148,0.366837484,0.33313955,0.304029421,0.277242578,0.254212742,0.231636056,0.210828845,0.193252481,0.175355871,0.157965015,0.140030923,0.124964198,0.104611629,0.081025203,0.058488627,0.037086963,0.019794755,0.008403704,0.000441632,0.004253488,0.004291985,0,0,0,0,0,0,0,0.003714094,0.00331344,0.00097608,0.008589733,0.018887355,0.030285616,0.041825511,0.051550252,0.058521129,0.06068585,0.059991777,0.056601817,0.049167906,0.039305846,0.02853916,0.017743601,0.008400747,0.001030509,0.003009607,0.007144376,0.002877041,0.001118235,0.008128489,0.016946411,0.027066302,0.036725729,0.045462417,0.051551059,0.054450201,0.053411543,0.056583772,0.062769067,0.068860796,0.074820196,0.081259885,0.087969862,0.095143453,0.102575415,0.10991105,0.116726945,0.122837312,0.127882058,0.128648238,0.12730512,0.124840514,0.12282123,0.121228688,0.121217416,0.12099264,0.118524212,0.115876549,0.111436043,0.105207266,0.096761011,0.087326027,0.077790947,0.071585763,0.062245355,0.050436327,0.037134398,0.026083793,0.01606469,0.007569008,0.000815663,0.002936369,0.003426025,0,0,0,0,0,0,0,0,0,0,0,0.004029488,0.004226375,0.000276974,0.007692348,0.020246347,0.035126221,0.051523235,0.073360804,0.096865357,0.121093173,0.144499613,0.174346126,0.207640324,0.242514435,0.278707798,0.311616559,0.341919037,0.370059073,0.390906918,0.404862967,0.412566359,0.413686002,0.409371949,0.400045986,0.387928251,0.372798609,0.356596731,0.338498538,0.319120274,0.298840333,0.281083536,0.26046831,0.237664993,0.211774694,0.186140821,0.160281938,0.135602282,0.112226219,0.094666962,0.076968251,0.061784605,0.04529858,0.030224766,0.016570592,0.007075023,0.003605747,0.006076997,0.001780613,0.009187998,0.0212747,0.029292036,0.033240007,0.033118614,0.028927856,0.020667732,0.008338244,0.001477743,0.0027838,0.003501091,0,0,0,0,0,0,0,0,0,0,0,0
12.0856,0.001147613,0.003556477,0.004508498,0,0,0,0,0,0,0,0,0,0,0,0,0,0,0,0,0,0,0,0,0,0,0,0,0,0,0,0,0.004823812,0.004994082,0.001104932,0.003775621,0.018237068,0.044179692,0.07848942,0.120334481,0.167414078,0.217043204,0.263817765,0.313561925,0.359251287,0.398009157,0.439253134,0.481261024,0.523387459,0.569917983,0.620502495,0.676204946,0.733322145,0.790043186,0.84270533,0.889730453,0.929093419,0.962614534,0.986561547,1,0.999354103,0.981893369,0.95029513,0.908949821,0.863067165,0.821447602,0.785179881,0.759909688,0.737998078,0.715957698,0.688027803,0.648373253,0.60069211,0.545295341,0.487836353,0.432693999,0.382005618,0.33770856,0.301174854,0.272338462,0.250271267,0.232310702,0.219113149,0.209501213,0.20485074,0.199411528,0.190337392,0.175331966,0.15954952,0.134685956,0.104537468,0.072503127,0.043426033,0.0209528,0.007061727,0.001480606,0.005197289,0.004393905,0,0,0,0,0,0,0.004306827,0.004079816,0.001022249,0.010008242,0.022375644,0.035968555,0.049972971,0.062161556,0.071160541,0.074655769,0.074518944,0.070458163,0.061510782,0.049205516,0.03571767,0.021960624,0.010211729,0.001117046,0.003839791,0.008904944,0.003952915,0.001380284,0.010417206,0.021644864,0.03485345,0.048431742,0.061443087,0.072854118,0.081125974,0.08446934,0.090654397,0.09962493,0.11041157,0.122339789,0.135647614,0.154169176,0.167473552,0.176030751,0.179043786,0.175971673,0.167173101,0.156933356,0.146083293,0.136984414,0.132508763,0.136159149,0.137719077,0.141910672,0.146717576,0.151234671,0.153744969,0.150353436,0.146379692,0.141153984,0.134659851,0.126586397,0.117278951,0.108004237,0.101771225,0.089854802,0.073283775,0.053357001,0.036676333,0.02204188,0.009957192,0.000667617,0.004346648,0.004496654,0,0,0,0,0,0,0,0.0044013,0.004315549,0.0001685,0.008977556,0.021000509,0.03841885,0.055210574,0.069324051,0.090221817,0.114675971,0.137102186,0.166823749,0.20072705,0.238050668,0.278073632,0.319631152,0.357023559,0.390957282,0.429212253,0.462597825,0.487743082,0.505453484,0.516220458,0.520007943,0.518531778,0.512198071,0.503543003,0.492014304,0.479638163,0.464954743,0.448153062,0.429113721,0.409272535,0.387770708,0.364709706,0.342285766,0.314995962,0.282043713,0.247494246,0.210908439,0.174125085,0.140271505,0.115501931,0.091100476,0.069768687,0.053226074,0.036077984,0.016228572,0.006258933,0.007134695,0.009324142,0.013804121,0.020696548,0.020676422,0.018264794,0.013461665,0.006267036,0.003319095,0.004232247,0,0,0,0,0,0,0,0,0,0,0,0,0,0
4.3915,0.032880059,0.019347134,0.009077584,0.001336981,0.003345142,0.004191134,0,0,0,0,0,0,0,0,0,0,0,0,0,0,0,0,0,0,0,0,0,0,0,0,0,0,0,0.00488046,0.005444386,0.005216778,0.005465951,0.024621117,0.054159385,0.090346828,0.133016648,0.178828528,0.223409185,0.262008885,0.300018111,0.33365705,0.371601886,0.411236879,0.456724216,0.506153429,0.563135177,0.624379267,0.68802363,0.750635296,0.810624588,0.865276969,0.916398647,0.958060985,0.987374173,1,0.991748389,0.965151037,0.924660279,0.876666653,0.831448358,0.791192221,0.762963825,0.738674195,0.715336828,0.686845902,0.647234484,0.600642393,0.547726853,0.493806454,0.443008265,0.39651994,0.35654186,0.320932353,0.291847836,0.268328904,0.24766018,0.230728583,0.216970448,0.205945255,0.19930336,0.189878327,0.175974252,0.160475546,0.137268226,0.108596859,0.077331391,0.047809685,0.02348874,0.006446514,0.001048281,0.005414501,0.004770073,0,0,0,0,0,0,0,0.004390959,0.003911921,0.001226375,0.010554854,0.022611732,0.035265619,0.048241205,0.058984855,0.066216066,0.067495319,0.065219758,0.060679883,0.052268386,0.041726549,0.03001631,0.018243709,0.008677766,0.003060329,0.006339837,0.002145035,0.009258572,0.019384499,0.031058521,0.042530815,0.053166687,0.061768661,0.067091922,0.06808923,0.073922842,0.082712902,0.089485048,0.095967805,0.102240067,0.108112415,0.111339211,0.118638367,0.13223579,0.151809549,0.167598796,0.179668278,0.182266861,0.178713212,0.170310328,0.158297168,0.144737563,0.138551742,0.140051649,0.145545216,0.146959114,0.146341239,0.140282668,0.133871243,0.126689653,0.119086681,0.111366706,0.103757597,0.097041723,0.093715446,0.084596512,0.070635286,0.052845338,0.037082917,0.022427662,0.010034017,0.000663022,0.004329417,0.004449933,0,0,0,0,0,0,0,0,0,0.004553201,0.004641788,0.000369594,0.008337879,0.022194927,0.036380838,0.059054057,0.087765111,0.117577221,0.147592275,0.176257266,0.211631546,0.249914261,0.289255477,0.329403249,0.365444004,0.404972104,0.439251734,0.464714556,0.482102016,0.49214696,0.494310714,0.489932903,0.479534613,0.465673095,0.448317956,0.429975641,0.40963897,0.387878309,0.365324205,0.343356354,0.323200218,0.299481118,0.272576958,0.241708955,0.209900021,0.178825055,0.148357887,0.124173174,0.099050945,0.076235919,0.057584164,0.038881795,0.022774081,0.008943119,6.33E-05,0.004305198,0.004693977,0,0,0,0,0,0,0,0,0,0,0,0,0,0,0,0,0,0,0,0,0,0,0
9.0349,0,0,0,0,0,0,0,0,0,0,0,0,0,0,0,0,0,0,0,0,0,0,0,0,0,0,0,0,0.005303326,0.004950925,0.000654291,0.004610127,0.019213231,0.045626848,0.080562792,0.123127144,0.171370017,0.221821657,0.270326478,0.323992263,0.375077806,0.420912289,0.468025211,0.513743965,0.553346782,0.590119635,0.625768515,0.662147854,0.702781441,0.746546812,0.794116212,0.84151352,0.888898518,0.930359002,0.959665723,0.978181516,0.99335333,1,0.995040373,0.975746571,0.939575598,0.891774817,0.838671918,0.78256653,0.730781933,0.689004021,0.664170739,0.644271249,0.623130877,0.596016721,0.556424181,0.509002347,0.45398794,0.396415444,0.343612925,0.296656287,0.257605836,0.228195019,0.202767188,0.181079671,0.161141918,0.143499051,0.12709766,0.113224004,0.102247079,0.096461271,0.086126519,0.074730164,0.058435245,0.041165019,0.024160396,0.00982603,5.92E-05,0.004557822,0.004550032,0,0,0,0,0,0,0,0,0,0.005183696,0.004211496,0.001847906,0.012394145,0.025387295,0.039875885,0.053603995,0.065167391,0.07674331,0.076143894,0.063369143,0.051522288,0.037677852,0.023944764,0.011276743,0.001716469,0.004132444,0.00482157,0.004917706,0.0042758,0.001647882,0.011418036,0.023946409,0.03762245,0.05181366,0.065558031,0.07796706,0.089264803,0.092436459,0.098582563,0.103963173,0.108468347,0.112774142,0.113443649,0.120519225,0.132748393,0.153437528,0.172105742,0.182183191,0.18588699,0.182829844,0.17447443,0.162217949,0.147586598,0.141996313,0.142000266,0.149132488,0.152866816,0.15543685,0.155643302,0.15012466,0.143682445,0.135919724,0.126700086,0.117090375,0.106917783,0.102021903,0.091152837,0.076539799,0.059061559,0.039712193,0.024164411,0.011229391,0.001323848,0.004395573,0.005189344,0,0,0,0,0,0,0.004789634,0.004029132,0.000463485,0.009245534,0.02134506,0.038942734,0.057539213,0.073821512,0.09277442,0.113733732,0.136463808,0.168827391,0.20200732,0.237454642,0.275189403,0.315145562,0.352628645,0.38649282,0.423003302,0.458333036,0.49264645,0.520434607,0.538564693,0.548366847,0.551366794,0.547507285,0.53862024,0.525194348,0.509988676,0.492656693,0.475278804,0.456794002,0.436168449,0.413834163,0.391398861,0.36772287,0.344939751,0.317680713,0.286844562,0.251647471,0.215719212,0.180824263,0.146321871,0.120422699,0.095208814,0.072785063,0.055234555,0.037759371,0.022683211,0.004625285,0.002908203,0.002960155,0.009949197,0.020045334,0.022644877,0.022627518,0.019993258,0.014742097,0.006874034,0.00361093,0.004647932,0,0,0,0,0,0,0,0,0,0,0,0,0,0
24.16,0.008337772,0.001400247,0.003246077,0.003680495,0,0,0,0,0,0,0,0,0,0,0,0,0,0,0,0,0,0,0,0,0,0,0,0,0,0,0,0.004684242,0.005426456,0.005413649,0.004697295,0.024927358,0.052861265,0.088450278,0.130711241,0.177153577,0.225059158,0.268771499,0.31335766,0.353316077,0.394322802,0.434460997,0.473445738,0.515577218,0.56531516,0.621349286,0.68465074,0.749221482,0.80916119,0.862013934,0.910649938,0.950793605,0.979743822,0.995786662,1,0.989237033,0.962578447,0.921311347,0.86943968,0.816229881,0.772943791,0.734321184,0.7020071,0.671830242,0.641012254,0.605549275,0.560977294,0.511041432,0.456318399,0.401779907,0.350391462,0.304927956,0.266916385,0.236106953,0.21227711,0.194585317,0.180466893,0.17172704,0.163095043,0.154317998,0.144308199,0.133511224,0.123956149,0.107272816,0.086350858,0.063858231,0.042265823,0.024843738,0.009875176,0.000333481,0.004874721,0.004829268,0,0,0,0,0,0,0,0,0.004103467,0.003775777,0.001005212,0.009933813,0.021020621,0.033738849,0.046285966,0.057382586,0.064566841,0.070240166,0.063864515,0.05581254,0.044885462,0.032752513,0.020178986,0.009445796,0.001203135,0.007351093,0.007451361,0.000919716,0.009122534,0.019076222,0.030759538,0.042785406,0.054387431,0.06458867,0.072483921,0.076301738,0.082531546,0.090661682,0.100717057,0.11087912,0.122221549,0.133480744,0.14884596,0.158934091,0.164321733,0.164153353,0.157941229,0.150112853,0.139530114,0.128754618,0.120171714,0.115849008,0.118508919,0.119301812,0.122459733,0.126228617,0.129793052,0.131648362,0.128371069,0.124645166,0.119674102,0.113191175,0.105948839,0.097688622,0.089925362,0.085323656,0.075966669,0.062592343,0.046174697,0.032286941,0.0196178,0.008802733,0.000859715,0.003793058,0.003998004,0,0,0,0,0,0,0,0,0.004303608,0.003970478,0.00014778,0.007803976,0.02130754,0.035677253,0.049281181,0.069751304,0.094924659,0.120844689,0.145805718,0.178498587,0.213681649,0.251485192,0.290280005,0.324809938,0.354858661,0.386505083,0.412397743,0.429960239,0.439712443,0.442409932,0.438346775,0.429253054,0.4160552,0.401614594,0.385714923,0.370399218,0.354469684,0.33820018,0.321249698,0.304169277,0.288402927,0.268427133,0.244932217,0.217150471,0.188423983,0.160461862,0.133399253,0.111948765,0.089407594,0.068976392,0.052425731,0.035515436,0.020756659,0.007837436,0.000213931,0.004011005,0.004106778,0,0,0,0,0,0,0,0,0,0,0,0,0,0,0,0,0,0,0,0,0,0,0
16.2534,0.014235372,0.000397222,0.005478123,0.005595025,0,0,0,0,0,0,0,0,0,0,0,0,0,0,0,0,0,0,0,0,0,0,0,0,0,0,0,0,0.006477316,0.007232661,0.006557028,0.007020341,0.031456262,0.069703126,0.118890914,0.177124738,0.241219932,0.306170462,0.366656487,0.429853489,0.487156075,0.546576615,0.601094472,0.653641431,0.702334628,0.748424604,0.792628293,0.835847185,0.889738107,0.940711799,0.967428009,0.977064257,0.991677386,1,0.991621434,0.964915643,0.915064054,0.855019294,0.796136912,0.731283102,0.664533412,0.619563287,0.613732504,0.620207727,0.625490717,0.622094201,0.597722882,0.559283881,0.506857297,0.451306718,0.399369236,0.355047149,0.31410358,0.274875268,0.237681039,0.203765117,0.171783938,0.145529427,0.127708013,0.11921573,0.118313539,0.122765227,0.124393053,0.116227406,0.099889597,0.07817303,0.05316774,0.029677525,0.011569245,0.000861184,0.006057163,0.005375259,0,0,0,0,0,0,0,0,0,0,0,0,0,0,0,0,0,0,0,0,0,0,0,0,0,0,0,0,0,0.006326191,0.005648662,0.001312702,0.013342433,0.030994648,0.052532105,0.075147458,0.095905147,0.112163032,0.120354227,0.118878285,0.123587837,0.125369546,0.12872131,0.134667675,0.142446133,0.149575571,0.15160513,0.153147583,0.151164483,0.151032349,0.148847035,0.143655727,0.14283197,0.144648676,0.149450955,0.154679093,0.158714218,0.16544224,0.170547074,0.175632131,0.175325843,0.172830602,0.167027975,0.162115154,0.157717033,0.153537997,0.153139953,0.14107406,0.120875247,0.095645468,0.068500905,0.041350805,0.016291484,0.000181913,0.013626299,0.013549545,0.001501381,0.011197025,0.029850357,0.05375301,0.081439169,0.107469368,0.138890203,0.171112439,0.199527202,0.232528253,0.264940079,0.296546475,0.32178433,0.341366053,0.357231385,0.367561387,0.377360782,0.385954982,0.396484364,0.410903942,0.431159091,0.456690179,0.487506152,0.524275552,0.567075411,0.609116697,0.644652523,0.676768755,0.706348477,0.733049162,0.758518653,0.781106152,0.801359879,0.816696512,0.827950922,0.831359631,0.825190953,0.810116782,0.789615278,0.762392543,0.730104978,0.691095477,0.646850701,0.59718329,0.546616043,0.487653696,0.419599364,0.350793512,0.285542683,0.231877548,0.178064341,0.128581918,0.087050738,0.055264738,0.033730013,0.014971013,0.000134244,0.006978385,0.007360485,0,0,0,0,0,0,0,0,0,0,0,0,0,0,0,0,0,0,0,0
19.9467,0,0,0,0,0,0,0,0,0,0,0,0,0,0,0,0,0,0,0,0,0,0,0,0,0,0,0,0,0,0,0,0.005919847,0.006448764,0.000190796,0.009883815,0.022428282,0.047373087,0.084019466,0.130865708,0.184416017,0.24112927,0.29409671,0.350603903,0.402961647,0.444185129,0.477772994,0.513442497,0.550387015,0.592421936,0.63950505,0.692792376,0.748760165,0.808923099,0.865392721,0.908016399,0.939302893,0.968818223,0.990453806,1,0.994127985,0.969154152,0.931116584,0.886964867,0.837205443,0.788925124,0.75122652,0.733546732,0.721178764,0.7075093,0.686183045,0.64950055,0.602291031,0.544663985,0.483755074,0.425236927,0.374971389,0.327500302,0.28352504,0.24481474,0.211624264,0.182873403,0.15936984,0.137942975,0.125216301,0.119903964,0.126005326,0.118111806,0.103491317,0.084294838,0.062504963,0.03983056,0.018570691,0.000545333,0.007440429,0.007127137,0,0,0,0,0,0,0,0,0,0,0,0.00563394,0.004231076,0.002524255,0.013674301,0.032374094,0.044822544,0.05101965,0.050965414,0.044659834,0.032102911,0.013294645,0.002476385,0.004406619,0.005459772,0,0,0,0,0.00554978,0.004573904,0.001607556,0.011840149,0.025617044,0.042152784,0.061051363,0.080051768,0.099005403,0.110056424,0.111550205,0.115959504,0.118726622,0.120545565,0.123602387,0.127989274,0.134379451,0.141468779,0.148727916,0.150530256,0.148964015,0.145561979,0.141756902,0.138822851,0.138737783,0.140491772,0.144531211,0.149071056,0.153213391,0.155196241,0.151115873,0.146414576,0.140132603,0.13248922,0.123771659,0.119374915,0.107836362,0.09113698,0.071767055,0.050604494,0.028759577,0.012744684,0.001038452,0.005369606,0.005999792,0,0,0,0,0,0,0,0,0,0,0.005506435,0.005715503,0.000694838,0.012202893,0.028541416,0.04935047,0.071172039,0.094873145,0.119114931,0.140830407,0.158656077,0.18451931,0.214704292,0.251410868,0.288532203,0.32806112,0.364272685,0.398460029,0.426282345,0.445388744,0.455905469,0.458474307,0.453602779,0.443293821,0.428408191,0.412119154,0.394171568,0.376661505,0.358371847,0.339827764,0.320386517,0.300454536,0.279157543,0.253492086,0.229648369,0.20555748,0.183863172,0.162670513,0.147725644,0.126928443,0.103043748,0.078384039,0.053768135,0.029718517,0.012701981,0.000157413,0.005676105,0.006200564,0,0,0,0,0,0,0,0,0,0,0,0,0,0,0,0,0,0,0,0,0,0,0,0
23.6729,0,0,0,0,0,0,0,0,0,0,0,0,0,0,0,0,0,0,0,0,0,0,0,0,0,0,0.002594751,0.002378287,0.000629981,0.005685002,0.011748371,0.017050818,0.026380029,0.038742327,0.054111956,0.072311306,0.092874804,0.122851457,0.159857059,0.203557446,0.251623971,0.30480251,0.368326817,0.437600184,0.514187737,0.592025243,0.666881405,0.735511047,0.794979733,0.843810746,0.881705563,0.910870184,0.935009209,0.954495909,0.974616311,0.989108872,0.99921515,1,0.988169235,0.963286719,0.924033016,0.875647954,0.825062156,0.776417749,0.73783101,0.706600401,0.684634016,0.662797285,0.633443216,0.594902385,0.541712575,0.482705186,0.424826845,0.371860863,0.3286181,0.29185647,0.262120433,0.236172508,0.209878138,0.185184963,0.160410393,0.14173657,0.132923223,0.131569763,0.138087989,0.147330737,0.1520591,0.150427671,0.134835441,0.110134319,0.079731307,0.049078887,0.023136662,0.004155188,0.004470753,0.005369662,0.003548488,0,0,0,0,0,0,0,0,0,0.00238976,0.002193358,0.001010571,0.006218564,0.01471882,0.020382054,0.023208268,0.02319746,0.020349631,0.014664781,0.006142909,0.000824799,0.004541999,0.004674805,0.000386842,0.004948611,0.012523929,0.021020816,0.030891446,0.040677202,0.048838189,0.054086824,0.054961813,0.056347756,0.056413123,0.055086566,0.058066278,0.06361363,0.072681408,0.083709619,0.095685279,0.107739604,0.119914216,0.129852963,0.137262487,0.141901617,0.14213104,0.136529616,0.124944633,0.10992377,0.093803042,0.079621764,0.070789698,0.065457561,0.069298543,0.076462756,0.081974808,0.086390685,0.088076102,0.087494128,0.083804113,0.078705811,0.072748872,0.06516506,0.061851193,0.057884424,0.056064942,0.05077656,0.043155239,0.033902139,0.023684453,0.014421176,0.006296693,0.000161479,0.002875881,0.002577759,0,0,0,0,0,0,0,0,0.002693489,0.002246718,0.000479624,0.005878785,0.013041356,0.020837457,0.030095078,0.040133608,0.047435476,0.051915688,0.051635824,0.056439747,0.063372427,0.073126319,0.084921636,0.098931319,0.114619671,0.129985558,0.142052131,0.151996038,0.159686343,0.168731293,0.177877516,0.186994088,0.196398212,0.205410514,0.212882286,0.218502414,0.220726855,0.219474867,0.215670427,0.207838423,0.199025557,0.18858272,0.178713757,0.164985549,0.147442598,0.128100702,0.106766035,0.085961347,0.069558765,0.052173713,0.038109128,0.027220865,0.020194582,0.012506257,0.005376302,0.000635233,0.00241568,0.002630804,0,0,0,0,0,0,0,0,0,0,0,0,0,0,0,0,0,0,0,0,0
24.191,0.013161939,0.002566582,0.005029232,0.005666668,0,0,0,0,0,0,0,0,0,0,0,0,0,0,0,0,0,0,0,0,0,0,0,0,0,0,0,0.005882568,0.006791114,0.000619036,0.006320469,0.024641685,0.053812439,0.095558374,0.143004548,0.193916752,0.24587805,0.292930788,0.34314131,0.390355049,0.427557065,0.46819521,0.509941465,0.556709583,0.608096589,0.665294857,0.729539433,0.79466595,0.858517074,0.913608334,0.952687687,0.977419363,0.993869988,1,0.996059583,0.979512812,0.949985662,0.909929905,0.864366172,0.81468908,0.767254046,0.726002332,0.695557697,0.667423654,0.638175076,0.604166143,0.561175477,0.509958107,0.456309388,0.404206971,0.359279243,0.314401437,0.27109715,0.230966698,0.194269376,0.162851841,0.135530545,0.112580299,0.099896082,0.094566274,0.100720664,0.096670979,0.085956509,0.070818497,0.052290522,0.033662999,0.015870701,0.001964004,0.005654426,0.006682259,0,0,0,0,0,0,0,0,0,0,0,0,0.005359054,0.0042735,0.002319533,0.012885521,0.025850163,0.040019481,0.058714149,0.06812036,0.068238112,0.059067407,0.040608243,0.026407118,0.013236189,0.002835444,0.009042152,0.004430134,0.012103321,0.026646851,0.041654218,0.057334336,0.075087854,0.089363583,0.100912251,0.108942353,0.12867584,0.151760842,0.17494216,0.194232112,0.205463825,0.21169411,0.214926024,0.209220046,0.209405359,0.2160383,0.230827555,0.251108095,0.262161141,0.271094119,0.274881724,0.275914418,0.275050371,0.27284539,0.279629129,0.289971631,0.303542644,0.318284461,0.324493574,0.331257319,0.337172402,0.333641761,0.321185173,0.300470344,0.270220178,0.237499099,0.204054509,0.171446621,0.14685588,0.120752306,0.098158212,0.072812912,0.049757907,0.028997438,0.010171227,0.000426868,0.005675618,0.00548605,0,0.005382271,0.006007568,0.000983539,0.010854152,0.027375129,0.045824302,0.067262181,0.087949638,0.115257216,0.147243072,0.180805313,0.223778971,0.274032679,0.328946545,0.389057492,0.444802499,0.49803152,0.549236302,0.604309528,0.660308956,0.712673596,0.759955369,0.800405522,0.833960473,0.854280182,0.858714161,0.849974451,0.83171766,0.804760763,0.773040738,0.737469504,0.702376688,0.666931687,0.633144463,0.59943032,0.565498011,0.531591429,0.498523199,0.465216407,0.433449023,0.397804248,0.358802431,0.315184534,0.27095208,0.227612349,0.185611816,0.15391561,0.12223953,0.093491038,0.070225698,0.04766288,0.02825523,0.011489994,0.000617365,0.005147663,0.006075139,0,0,0,0,0,0,0,0,0,0,0,0,0,0,0,0,0,0,0,0,0,0
19.701,0,0,0,0,0,0,0,0,0,0,0,0,0,0,0,0,0,0,0,0,0,0,0,0,0,0,0,0,0.004465307,0.004394632,0.001034976,0.003023573,0.015749719,0.039699133,0.072026322,0.112076094,0.158004731,0.206844357,0.254916789,0.307613316,0.358139823,0.404048921,0.45124997,0.497639928,0.539171739,0.578821329,0.618145054,0.658764699,0.704025812,0.751977879,0.802781271,0.852060412,0.898631699,0.938023028,0.966929122,0.985195386,0.997420048,1,0.991673561,0.970131097,0.933914501,0.88724544,0.836033657,0.783305814,0.736338618,0.697102579,0.669999644,0.645919242,0.619768574,0.587651278,0.544067132,0.493814996,0.437998086,0.380637479,0.328808751,0.283350082,0.245865707,0.217737533,0.193610626,0.173258163,0.15476854,0.138839681,0.125070397,0.111875766,0.102273473,0.097616932,0.087813644,0.076102868,0.059395374,0.041703522,0.024568513,0.010266861,0.000643167,0.004970844,0.004661401,0,0,0,0,0,0,0,0,0,0,0.005084827,0.003769122,0.002046944,0.012115368,0.024578679,0.037562091,0.053977269,0.06198952,0.061598847,0.052805247,0.035608723,0.022862585,0.010781978,0.00179125,0.003697197,0.004681856,0.004365692,0.003606562,0.000920232,0.009690432,0.021328185,0.034012491,0.047227998,0.060230086,0.07192749,0.083647743,0.08823382,0.094812854,0.099527799,0.1036653,0.106802406,0.109565242,0.109949922,0.120101513,0.131553486,0.144910196,0.153284194,0.157368978,0.157346865,0.152834597,0.145605896,0.137340375,0.129191497,0.131375154,0.132346972,0.135827515,0.139651797,0.142575634,0.143314563,0.138495259,0.133016347,0.12616682,0.117631098,0.108989459,0.099021486,0.094584549,0.084595766,0.071137775,0.054971782,0.036988517,0.022703446,0.010605234,0.001312618,0.003790304,0.005035597,0,0,0,0,0,0,0,0,0.004826326,0.004925034,0.000218973,0.008966638,0.024835455,0.043125447,0.059429347,0.081855106,0.110722272,0.141362612,0.168904055,0.202654243,0.239220927,0.277293076,0.317392354,0.352426675,0.382882956,0.415314683,0.446486216,0.470484559,0.485595341,0.492492272,0.492312932,0.485242775,0.473109518,0.456741818,0.43908839,0.420034263,0.401589512,0.382591833,0.363424527,0.343743032,0.324009116,0.305727386,0.283189933,0.257242154,0.22699344,0.196812275,0.166231285,0.140952805,0.11255961,0.084699294,0.060522821,0.041875702,0.024307391,0.010338089,0.000455337,0.004721777,0.005002064,0,0,0,0,0,0,0,0,0,0,0,0,0,0,0,0,0,0,0,0,0,0,0,0
24.8267,0.000940461,0.004025772,0.004665873,0,0,0,0,0,0,0,0,0,0,0,0,0,0,0,0,0,0,0,0,0,0,0,0,0,0,0,0,0.004944155,0.00571579,0.001267632,0.004355881,0.02035479,0.048062617,0.083528114,0.125693045,0.172530029,0.22132923,0.267116675,0.31668946,0.36425967,0.405297073,0.450125289,0.495948506,0.541776929,0.592833801,0.648230751,0.709292289,0.771160876,0.830620498,0.88309996,0.927193693,0.960770178,0.984736652,0.997487727,1,0.989596579,0.96580102,0.929552354,0.884488217,0.83572382,0.791712103,0.751636877,0.718479988,0.687055612,0.654858577,0.618468602,0.574480078,0.525857562,0.472949446,0.419167393,0.370031256,0.325487518,0.28836399,0.253527478,0.221167904,0.192527779,0.16668633,0.144942644,0.128382419,0.115249887,0.108014791,0.107956522,0.102447272,0.08878615,0.070720734,0.050584313,0.030025275,0.01251807,0.000787379,0.005958961,0.005574534,0,0,0,0,0,0,0,0,0,0.004882721,0.004521802,0.001856781,0.011817252,0.024970943,0.039350388,0.052794965,0.063999875,0.071732158,0.077571876,0.069918767,0.061115264,0.049808241,0.03623795,0.023151918,0.011164481,0.001473017,0.004127933,0.009130203,0.004223455,0.001391862,0.01039464,0.021525256,0.034391058,0.049050826,0.063354725,0.082555957,0.102342372,0.118413934,0.138050797,0.159047835,0.170036769,0.172500442,0.168745643,0.16244524,0.155227429,0.15461814,0.155848908,0.157441709,0.159723779,0.162281363,0.158272148,0.153687192,0.146684503,0.147997206,0.15586746,0.169906081,0.186331623,0.206475657,0.219632405,0.22456129,0.220625071,0.204988763,0.182859271,0.162731714,0.142244781,0.123385229,0.111000906,0.098516401,0.079556034,0.060132495,0.040686379,0.021841762,0.009120379,1.69E-07,0.004531167,0.004538166,0,0,0,0,0,0.004286838,0.004593678,0.000374229,0.008083735,0.022470939,0.038585802,0.057137224,0.074710503,0.096987502,0.122897736,0.151546563,0.189190125,0.229698893,0.272342719,0.317535251,0.359539878,0.400304686,0.436250437,0.4742238,0.509436328,0.541748217,0.566018214,0.579655011,0.583672601,0.579543426,0.567945377,0.551474951,0.530936157,0.509717482,0.487341311,0.465683903,0.443417859,0.42063666,0.397216443,0.373839969,0.352401743,0.326677388,0.297551029,0.263881775,0.230579728,0.197074781,0.165120514,0.135274059,0.110500411,0.096116408,0.083109679,0.066832379,0.050380657,0.033576189,0.016349929,0.010576336,0.006638444,0.004448351,0.005881168,0.010942804,0.01032804,0.008483747,0.005409925,0.001106576,0.004426303,0,0,0,0,0,0,0,0,0,0,0,0,0,0,0
7.4801,0,0,0,0,0,0,0,0,0,0,0,0,0,0,0,0,0,0,0,0,0,0,0,0,0,0,0,0,0,0,0.007343657,0.007658262,0.00279516,0.00687683,0.03137701,0.070111591,0.121410353,0.181957919,0.247861863,0.31269447,0.370077328,0.428708875,0.477721784,0.518517951,0.5579114,0.594591191,0.630960815,0.668922402,0.712471023,0.759667262,0.811250045,0.861566285,0.907830519,0.945921259,0.973009236,0.989398064,0.99937155,1,0.99073812,0.969462386,0.93539403,0.891265429,0.841870029,0.790771863,0.745066496,0.70598417,0.677181574,0.650794548,0.62268089,0.589408013,0.546339987,0.497359883,0.446549866,0.39069485,0.334548031,0.280445582,0.229070466,0.186843149,0.154563957,0.132017868,0.117280797,0.110791886,0.112538845,0.11146021,0.114447398,0.107269129,0.090641285,0.072489196,0.052593621,0.032759026,0.014613499,0.001077414,0.005526317,0.006469667,0,0,0,0,0,0,0,0,0,0,0,0.005694769,0.004716939,0.00238473,0.01409384,0.027921343,0.048791002,0.061363923,0.065640104,0.061619547,0.049302251,0.028688217,0.014172553,0.002769414,0.004336991,0.006068134,0,0,0,0.005858264,0.00550501,0.001326642,0.012930355,0.028620187,0.049518106,0.069542064,0.088327372,0.103636038,0.112800182,0.11373341,0.118760543,0.124203704,0.132088464,0.139350413,0.14831632,0.154012539,0.15903875,0.159811085,0.159836927,0.159319993,0.157722194,0.156891459,0.160550828,0.160713718,0.16159084,0.161914594,0.159876025,0.15801035,0.159607817,0.161010254,0.160732346,0.156939318,0.153885754,0.146796699,0.137284846,0.125347645,0.116304051,0.102905033,0.086004777,0.066861915,0.0469472,0.026859227,0.011977134,0.001193077,0.005136701,0.00565381,0,0,0,0,0,0,0,0,0.005619167,0.005577307,0.000784466,0.011631191,0.027858736,0.050948201,0.073860681,0.097571658,0.123169528,0.148243591,0.168279729,0.195459396,0.226865971,0.26399781,0.303831908,0.34665001,0.386067139,0.423140326,0.457731252,0.484595348,0.500918679,0.507821492,0.506938115,0.498417088,0.484304587,0.46555995,0.445491075,0.423978306,0.403399667,0.382327612,0.361005634,0.333721945,0.313485199,0.297483774,0.285762962,0.272026317,0.255295573,0.233505032,0.208658933,0.185917021,0.152294279,0.110887646,0.078044385,0.050547371,0.0304145,0.013249744,0.001119175,0.006325914,0.006583282,0,0,0,0,0,0,0,0,0,0,0,0,0,0,0,0,0,0,0,0,0,0,0,0
5.5733,0,0,0,0,0,0,0,0,0,0,0,0,0,0,0,0,0,0,0,0,0,0,0,0,0,0,0,0,0,0,0.005917633,0.006608958,0.000641665,0.009834328,0.023334118,0.049217055,0.086625179,0.133431993,0.186730219,0.241753962,0.293708408,0.349600861,0.401542621,0.445206732,0.480368944,0.517299784,0.553781344,0.592099593,0.635972665,0.684296654,0.738107682,0.792324725,0.84286155,0.887482219,0.927729471,0.960294149,0.984364651,0.997533006,1,0.988890098,0.962981393,0.923990066,0.875736674,0.825411879,0.782803482,0.74485916,0.714021487,0.68520429,0.655553118,0.620995052,0.577006358,0.527020592,0.471476116,0.415514785,0.366643309,0.317725324,0.271882157,0.23020515,0.191571384,0.161514104,0.138165757,0.122044482,0.112410757,0.108192046,0.110194285,0.110940753,0.102415674,0.086934991,0.065873738,0.046289472,0.027452216,0.011624831,0.000573987,0.005761602,0.005074227,0,0,0,0,0,0,0,0,0,0.004928922,0.004234058,0.002153556,0.011860221,0.024068144,0.037953547,0.051028467,0.066832239,0.072255955,0.067299613,0.051963216,0.038705981,0.025326476,0.0122268,0.001950119,0.003970977,0.005185942,0,0.005253197,0.004130249,0.002037531,0.011585768,0.024439626,0.03869156,0.053602186,0.06793614,0.080282093,0.091160457,0.093723781,0.099800285,0.104370271,0.107735307,0.111380699,0.114845547,0.120074008,0.126626135,0.134780934,0.144086034,0.148687662,0.150634981,0.149497035,0.146459898,0.142732333,0.139556667,0.138998118,0.139954333,0.142541395,0.145012094,0.146602058,0.143851082,0.140081071,0.135088765,0.128578655,0.120293859,0.111130672,0.105777654,0.094237244,0.07830692,0.060006311,0.039853425,0.023763371,0.010671069,0.001210238,0.004400056,0.005122825,0,0,0,0,0,0,0,0,0,0,0.004913383,0.004898551,2.61E-05,0.009020566,0.024707181,0.038733369,0.059377302,0.088306832,0.121985981,0.154319138,0.183460787,0.219831403,0.257896465,0.296892479,0.335217633,0.367520766,0.401899819,0.435842198,0.463018215,0.480088781,0.488805691,0.490721421,0.485429866,0.474500617,0.458819741,0.441193134,0.421655963,0.402750055,0.383225451,0.363124783,0.342274704,0.322420066,0.304394281,0.282371361,0.256924306,0.227104803,0.196400308,0.166050431,0.140310504,0.111068776,0.082482813,0.058498029,0.040208918,0.023255684,0.009958792,0.000272019,0.004825388,0.004755683,0,0,0,0,0,0,0,0,0,0,0,0,0,0,0,0,0,0,0,0,0,0,0,0
7.2118,0.003152209,0.003849822,0,0,0,0,0,0,0,0,0,0,0,0,0,0,0,0,0,0,0,0,0,0,0,0,0,0,0,0,0.004811951,0.004692114,0.001122859,0.003614752,0.017728848,0.043429135,0.077170583,0.118047293,0.164076896,0.212029886,0.258553485,0.309231992,0.356119703,0.397727171,0.439820553,0.48114292,0.518622606,0.555793361,0.5951011,0.637467982,0.684969248,0.734877747,0.786194424,0.835660021,0.883381684,0.925394502,0.962051524,0.987955636,1,0.995182546,0.970859366,0.930519031,0.879273267,0.823968185,0.774757956,0.731939451,0.700709075,0.673822444,0.647683011,0.617911201,0.579426628,0.535705265,0.486573917,0.436970621,0.390651767,0.34866932,0.313041144,0.281542322,0.255920222,0.235024517,0.218151567,0.200730783,0.182203268,0.163677178,0.144850036,0.126308406,0.110797959,0.090770722,0.071032078,0.052444232,0.036511359,0.020707246,0.008357096,8.08E-05,0.004263311,0.004096421,0,0,0,0,0,0,0,0.004292137,0.004207857,0.001315178,0.010452936,0.022108966,0.035782414,0.048838363,0.060773641,0.068694202,0.07125253,0.066618144,0.067247167,0.062846082,0.053817467,0.042382483,0.030523419,0.018594735,0.008866791,0.001031548,0.007350855,0.007127611,0.001480931,0.009121266,0.019080611,0.030796707,0.042067782,0.052556664,0.060071372,0.063668698,0.062378227,0.065593288,0.071865055,0.077343953,0.083245908,0.089939825,0.097006486,0.10494122,0.113220039,0.121280084,0.128646339,0.135226483,0.140693947,0.14153624,0.140141372,0.137589365,0.135640922,0.134460224,0.135524151,0.136679916,0.137206359,0.133760881,0.128878748,0.122196629,0.1134099,0.10267712,0.092312261,0.0824286,0.078185627,0.069684134,0.058287552,0.044148061,0.031810071,0.020180643,0.009780739,0.00123158,0.003501855,0.00426275,0,0,0,0,0,0,0,0,0.003834874,0.00357655,0.000505197,0.00765757,0.017666081,0.032286592,0.046771565,0.061740947,0.074836769,0.090990092,0.106718682,0.130335954,0.158441258,0.190639927,0.22759254,0.268090866,0.307466278,0.345077602,0.379475538,0.412508227,0.438755451,0.457895434,0.470062018,0.475362316,0.47530645,0.469982583,0.461627457,0.449669573,0.435860444,0.419112316,0.400266828,0.379404158,0.357697979,0.334747719,0.313580014,0.288580336,0.260480264,0.228404666,0.195967332,0.165003291,0.135179397,0.108449715,0.0906451,0.073949243,0.060501574,0.041673824,0.028227434,0.018929698,0.017280273,0.020478585,0.026094231,0.035596584,0.05196614,0.056158506,0.052279658,0.040329596,0.030020425,0.019129982,0.009904299,0.001830475,0.003342854,0.003994187,0,0,0,0,0,0,0,0,0,0,0
6.0159,0,0,0,0,0,0,0,0,0,0,0,0,0,0,0,0,0,0,0,0,0,0,0,0,0,0,0,0,0,0,0.00806975,0.009272439,0.0012425,0.013966126,0.035598324,0.071821659,0.120360789,0.178038909,0.240551563,0.30222991,0.357976445,0.418105132,0.47415733,0.521173425,0.558527731,0.59570806,0.630543593,0.665800855,0.706026621,0.750798353,0.801446477,0.852613726,0.905600521,0.951337435,0.977703133,0.989336717,0.998562333,1,0.990100123,0.965836991,0.924556435,0.87240484,0.816944582,0.756686209,0.696524884,0.647553158,0.618825791,0.595829395,0.572054576,0.54635823,0.50483502,0.453136274,0.390001549,0.326601242,0.265767214,0.217396942,0.169308983,0.125042752,0.088091892,0.060767303,0.03563889,0.015936672,2.95E-05,0.006694839,0.007828946,0,0,0,0,0,0,0,0,0,0,0,0,0,0,0,0,0,0,0,0,0,0,0,0,0,0,0,0,0,0,0,0,0,0,0,0,0.00797862,0.007003079,0.001745911,0.016824039,0.039843446,0.063811302,0.088761489,0.114468777,0.142906082,0.165093679,0.171874435,0.18702977,0.201515103,0.213456632,0.228033344,0.231279635,0.229933412,0.229442058,0.231546426,0.22880827,0.221739291,0.219279186,0.217936909,0.216913334,0.219494792,0.218097602,0.21900408,0.225537129,0.234380596,0.243760406,0.252303073,0.25932925,0.262454798,0.256453917,0.250377578,0.243731539,0.235337474,0.222663101,0.208357846,0.196680329,0.172717243,0.141381376,0.105259432,0.067385311,0.038547346,0.01664361,0.001139788,0.008601699,0.007833279,0,0,0,0,0,0,0.009824754,0.008579053,0.000374659,0.018166974,0.048810894,0.082526697,0.118958793,0.157428558,0.192982453,0.226539746,0.26275208,0.316143887,0.367705763,0.421925561,0.483345313,0.539745331,0.594601028,0.64370222,0.68535857,0.722301648,0.758218649,0.780592767,0.783607066,0.773946767,0.757352764,0.732410094,0.701876373,0.666335492,0.629205961,0.590680978,0.554253216,0.517480558,0.477920939,0.438525098,0.403903466,0.366173756,0.334133255,0.306105333,0.278224097,0.252822442,0.235076611,0.204996906,0.165520373,0.123629183,0.083839307,0.04473244,0.018331154,0.000363442,0.009805702,0.009129379,0,0,0,0,0,0,0,0,0,0,0,0,0,0,0,0,0,0,0,0,0,0,0,0,0
0.4983,0.033766957,0.019966796,0.009508543,0.001488328,0.00370493,0.004236558,0,0,0,0,0,0,0,0,0,0,0,0,0,0,0,0,0,0,0,0,0,0,0,0,0,0,0,0.004195446,0.004688625,0.000895875,0.007296182,0.016081863,0.03399068,0.063135367,0.098378449,0.13778105,0.178885701,0.217492698,0.258583014,0.298036099,0.333030043,0.364047791,0.401004303,0.443849792,0.489669983,0.540984564,0.599386105,0.661880082,0.726222392,0.789714857,0.855969587,0.916208855,0.964965616,0.995494934,1,0.982086697,0.94580053,0.897519936,0.848012447,0.803679169,0.775380606,0.753362141,0.734941997,0.712231996,0.678050123,0.636384895,0.586708293,0.53590683,0.488697902,0.446077308,0.410477649,0.379515777,0.352384879,0.326670952,0.301117295,0.276868372,0.253353273,0.232557467,0.217094985,0.200934037,0.182204564,0.165184629,0.140307795,0.10998553,0.078443617,0.04894267,0.024303509,0.006975233,0.000907349,0.005273276,0.005127926,0,0,0,0,0,0,0.004425268,0.003935528,0.001067654,0.010095803,0.022477675,0.036207669,0.050262871,0.062529775,0.071189267,0.074173385,0.06979855,0.071392233,0.066511948,0.057356235,0.045798864,0.032882947,0.020638768,0.009766742,0.001434702,0.00358004,0.008580707,0.003298664,0.001670758,0.010151348,0.020462806,0.031524667,0.042504795,0.052066147,0.058781798,0.061714432,0.06034735,0.064752047,0.072767778,0.080329768,0.087332039,0.094796272,0.102682272,0.111290504,0.119346349,0.126674962,0.133222708,0.138552256,0.143387183,0.143669434,0.142592407,0.141936519,0.14181067,0.143628852,0.14535198,0.146554258,0.143578714,0.139066224,0.132757193,0.124116688,0.113549547,0.102263712,0.090965736,0.084663726,0.074022045,0.060749443,0.044972313,0.031588835,0.019583279,0.009248886,0.001211492,0.003581785,0.004192002,0,0,0,0,0,0,0,0,0,0,0,0.004273143,0.004544111,0.000205154,0.007255752,0.02086869,0.038689894,0.057205827,0.07944799,0.105293075,0.133754894,0.162521451,0.199478353,0.240150516,0.283585136,0.329005897,0.371863231,0.407473002,0.438617291,0.462614818,0.479470457,0.488418198,0.490627862,0.486393809,0.477874029,0.464771203,0.449423056,0.430914917,0.410528525,0.387804734,0.364766353,0.340840765,0.318824839,0.29285754,0.262454432,0.231358319,0.198844758,0.167268991,0.137104865,0.113690022,0.090457276,0.069438863,0.052549427,0.035111153,0.019515346,0.004304758,0.003025173,0.002355198,0.008992976,0.017941953,0.020273276,0.020261546,0.017906763,0.013208927,0.006168037,0.003215907,0.004175268,0,0,0,0,0,0,0,0,0,0,0,0,0,0
21.4894,0.002611902,0,0,0,0,0,0,0,0,0,0,0,0,0,0,0,0,0,0,0,0,0,0,0,0,0,0,0,0,0,0,0.003171226,0.004020979,0.002574134,0.003883626,0.015374008,0.033303041,0.056491888,0.085022293,0.118694772,0.154529344,0.191976355,0.235181718,0.284297812,0.345259138,0.413802469,0.489249336,0.565002291,0.637347701,0.702868609,0.758627214,0.804999956,0.842575718,0.875103539,0.90823007,0.937673947,0.967152664,0.988861244,1,0.997002549,0.974352518,0.937062776,0.891503632,0.84313292,0.801586729,0.766625411,0.744205237,0.724144225,0.699364495,0.663556713,0.607262269,0.541692387,0.475252344,0.41348298,0.363429511,0.323272488,0.290388404,0.262453619,0.234494505,0.207335171,0.177560624,0.154456619,0.142114909,0.139185093,0.147567238,0.159423682,0.170629211,0.176283219,0.164360711,0.139924333,0.106444695,0.070479898,0.03706846,0.010418656,0.004561537,0.009551162,0.004843476,0,0,0,0,0,0,0,0,0,0.003017601,0.002602023,0.001563019,0.007748014,0.017816978,0.024492226,0.027773759,0.027661577,0.024155679,0.017256067,0.00696274,0.000903523,0.005111077,0.005428586,0.000511321,0.006433859,0.014024831,0.022892054,0.033242423,0.043413212,0.051495493,0.056299305,0.056883894,0.058333233,0.058043741,0.056114314,0.057562511,0.062688359,0.071730522,0.082791801,0.094065477,0.105489883,0.117822978,0.127895615,0.135450937,0.140757561,0.141928356,0.137060536,0.126094351,0.111148059,0.0943285,0.079371994,0.07025644,0.06629988,0.067951903,0.072993891,0.076030523,0.078171026,0.077761115,0.075187614,0.072110618,0.068829208,0.065146565,0.061415771,0.057790876,0.056773304,0.052227955,0.044780988,0.035324816,0.024855382,0.015626389,0.007419229,0.000628206,0.00291036,0.003078696,0,0,0,0,0,0,0,0,0.00253219,0.002244341,0.000645914,0.005808446,0.012150301,0.01952767,0.026651373,0.037011576,0.046746613,0.052719199,0.05376056,0.057226888,0.059292447,0.063411112,0.069064641,0.076788064,0.086662074,0.101354166,0.116145901,0.127276113,0.135956251,0.144410119,0.150953928,0.159471818,0.167862122,0.175839735,0.182918006,0.189835778,0.194904507,0.194164779,0.190213337,0.18566372,0.1805113,0.174190863,0.167396336,0.155566972,0.14077058,0.122707223,0.104830079,0.081899244,0.058572677,0.038480556,0.022765861,0.011539413,0.005296523,0.000260908,0.002484621,0.003042308,0,0,0,0,0,0,0,0,0,0,0,0,0,0,0,0,0,0,0,0,0,0,0,0
