wavenumber,Std_1,Std_2,Std_3,Std_4,Std_5,Std_6,Std_7,Std_8,Std_9,Std_10,Std_11,Std_12,Std_13,Std_14,Std_15,Std_16,Std_17,Std_18,Std_19,Std_20,Std_21,Std_22,Std_23,Std_24,Std_25,Std_26,Std_27,Std_28,Std_29,Std_30
608,0.601601129,0.500769512,0.406463852,0.412162475,0.851040209,0.593006,0.548602699,0.585501701,0.812033073,0.652248395,0.574407222,0.580630751,0.519084152,0.502075188,0.471300316,0.524642271,0.381919474,0.505477541,0.476712755,0.862255,0.668056714,0.629756502,0.631141171,0.497866653,0.450224015,0.403726932,0.46889486,0.494348214,0.495315966,0.434710951
612,0.591535123,0.489508946,0.395582718,0.398181107,0.836075105,0.571666033,0.542382161,0.573380553,0.800266471,0.639669829,0.563332671,0.569496257,0.504900792,0.484299082,0.460056758,0.516056961,0.37164359,0.491718325,0.46469771,0.851080171,0.656066516,0.612037233,0.622933918,0.484130992,0.435153165,0.393502472,0.460057908,0.483898462,0.479140617,0.422760162
616,0.580900981,0.478604135,0.385770146,0.385389795,0.818150468,0.553918243,0.531066719,0.561565471,0.786150796,0.626410525,0.551506898,0.558003485,0.49014426,0.467162339,0.448428675,0.507073196,0.36093687,0.479028479,0.451665638,0.83673225,0.641600401,0.596128908,0.612415197,0.471000546,0.420998214,0.383302136,0.44957542,0.472778333,0.463373488,0.410332706
620,0.569659872,0.467820378,0.376784805,0.37347318,0.797392572,0.538671375,0.515580823,0.549775986,0.769746379,0.612261359,0.539015537,0.546142989,0.474862005,0.450518418,0.436432777,0.497542174,0.349931958,0.466924391,0.437817411,0.819644401,0.624912698,0.580735892,0.60000489,0.458336999,0.407444766,0.37305948,0.437673602,0.461050752,0.447902433,0.397467305
624,0.557772968,0.456922975,0.368385366,0.3621159,0.773927688,0.524834178,0.496848921,0.53773163,0.751113553,0.597013204,0.525944221,0.533905323,0.459101477,0.434220778,0.424085776,0.487315093,0.338761496,0.454922451,0.423353897,0.800249792,0.606257738,0.564562552,0.586122881,0.446002035,0.394178428,0.362708056,0.424578658,0.448778642,0.432615307,0.384202684
628,0.545201439,0.445677224,0.3603305,0.351002596,0.747882089,0.511315397,0.475795462,0.525151934,0.730312648,0.580456935,0.512378585,0.521281041,0.442910126,0.418122876,0.411404381,0.476243151,0.327558127,0.442539047,0.408475966,0.77898159,0.585889848,0.54631325,0.571189054,0.43385734,0.380884806,0.35218142,0.410516794,0.43602493,0.417399966,0.370577566
632,0.531732102,0.432083958,0.352524305,0.339359736,0.718718952,0.495399556,0.453803257,0.511020107,0.70661179,0.561176167,0.498332635,0.508136833,0.426266561,0.401736903,0.398449652,0.463359688,0.316955375,0.428092265,0.393609456,0.756188281,0.563392998,0.520010743,0.555918599,0.421574303,0.366242889,0.341171935,0.395575057,0.422806186,0.401992677,0.356354683
636,0.51749242,0.419099471,0.344353502,0.327440639,0.686928537,0.477294077,0.43119085,0.495888868,0.680790365,0.540289001,0.483954699,0.494554654,0.40909272,0.385415546,0.385206864,0.449417364,0.306286309,0.412548574,0.378563732,0.73222099,0.539801916,0.490286171,0.540476932,0.409248925,0.351154625,0.3299719,0.380149877,0.409189091,0.386402782,0.341941396
640,0.502513303,0.406788696,0.335673368,0.314994592,0.653110224,0.457956616,0.407431298,0.47981365,0.653431803,0.518573587,0.469394668,0.480656507,0.391545166,0.368805833,0.371232199,0.435071906,0.295680745,0.396103508,0.363083164,0.708170492,0.516435924,0.459429434,0.525061131,0.396730237,0.336269041,0.318527623,0.36449324,0.395069204,0.370212185,0.327560351
644,0.487017108,0.395158429,0.326008466,0.302260219,0.619024693,0.4375311,0.38719554,0.463254599,0.626386356,0.497134967,0.454748359,0.466676401,0.374758371,0.352383243,0.357084784,0.420726014,0.285166443,0.379409436,0.3480131,0.684608136,0.493722693,0.428674602,0.509401115,0.384194982,0.321505023,0.306771241,0.348960543,0.381054365,0.354196834,0.313331437
648,0.471113082,0.384199996,0.317245687,0.289885024,0.586776261,0.415952072,0.371414102,0.447103665,0.601610298,0.477378102,0.440409708,0.452943073,0.359486122,0.336529596,0.343141935,0.407175498,0.275635827,0.363698042,0.334290995,0.662412455,0.472252274,0.399765663,0.493805752,0.371676296,0.306861179,0.295450466,0.334476384,0.367729727,0.339052881,0.299558717
652,0.455619318,0.374147735,0.309310827,0.278147495,0.556426218,0.393953303,0.360349117,0.431897524,0.579333902,0.459718276,0.426426084,0.439437252,0.344934286,0.321583163,0.329741256,0.394390674,0.264777053,0.348398453,0.320997614,0.641020652,0.452517803,0.374394254,0.478722309,0.359441791,0.292977567,0.284776665,0.320814856,0.354951002,0.324368279,0.286571097
656,0.441626057,0.365262811,0.298960848,0.264380404,0.529121086,0.372170965,0.354549948,0.417953661,0.560305517,0.444754481,0.41279947,0.426128165,0.330912728,0.308450054,0.31805118,0.382853161,0.252262843,0.333112257,0.308332782,0.620085552,0.435361341,0.354257728,0.464480806,0.347778083,0.282015138,0.271621275,0.308549276,0.343286927,0.310529526,0.271603646
660,0.428254133,0.358760031,0.286012127,0.255114162,0.504826707,0.349712655,0.345964389,0.404749868,0.543201809,0.43122063,0.399379932,0.41285763,0.317278427,0.293019989,0.307143294,0.372014499,0.238288902,0.317205352,0.296476633,0.599616025,0.419138492,0.339273967,0.450491647,0.337655149,0.269987787,0.263132574,0.296920411,0.332357908,0.299397777,0.260925542
664,0.414945276,0.349213573,0.271508591,0.249040412,0.482217206,0.330299747,0.336148757,0.392196621,0.526819081,0.417959018,0.386096636,0.39974393,0.305318215,0.282023731,0.296603071,0.361513128,0.222960655,0.303881588,0.287158317,0.579527615,0.402201538,0.329397986,0.436312587,0.32604518,0.257494363,0.258051879,0.28203912,0.320127689,0.286929186,0.253506742
668,0.402070261,0.33671814,0.256253187,0.245237115,0.460527122,0.315679379,0.327311153,0.37990591,0.51080067,0.404486714,0.37300978,0.386778191,0.290825783,0.27457978,0.288196001,0.352142259,0.207543495,0.289722913,0.276041029,0.559851074,0.385029807,0.311050504,0.422509178,0.31344896,0.243895786,0.255530165,0.27114738,0.313124827,0.273222047,0.248378835
672,0.390485296,0.321736545,0.24119133,0.242712361,0.439351542,0.301215428,0.318699861,0.367935346,0.494813534,0.390243488,0.361396937,0.373703909,0.274228101,0.269444745,0.278347653,0.340731476,0.192983955,0.276800311,0.26304549,0.54019802,0.367522788,0.296884687,0.409096284,0.300508019,0.228876976,0.254685058,0.263338757,0.305135357,0.258433062,0.244531398
676,0.380546328,0.307200677,0.226766889,0.240581078,0.419156899,0.289204363,0.309706385,0.357380876,0.478934252,0.376773021,0.348663921,0.362182629,0.2563833,0.265534696,0.266732528,0.32803971,0.179470523,0.265139544,0.248490552,0.521403878,0.346155172,0.286454759,0.395855263,0.287441315,0.213524191,0.259356386,0.257526844,0.295919924,0.242742803,0.241093591
680,0.368751737,0.292341352,0.213389072,0.237880099,0.399502739,0.27917496,0.299468109,0.344917321,0.463783273,0.362122794,0.335197391,0.349836685,0.23770943,0.261892527,0.253370742,0.31446178,0.167248229,0.254618932,0.232778609,0.50426781,0.331208878,0.278777737,0.384221661,0.274356497,0.198211906,0.256809181,0.252527471,0.285187426,0.226371229,0.237078143
684,0.355262453,0.277414516,0.20160842,0.233749996,0.383168068,0.270093149,0.291131038,0.331496858,0.447623795,0.346903482,0.321551554,0.337039538,0.218926012,0.257772601,0.238753709,0.299829144,0.156671762,0.245481106,0.216814823,0.484641334,0.321077485,0.273182255,0.371556037,0.261573807,0.183394932,0.247571893,0.248023586,0.273324524,0.209997302,0.231738719
688,0.340154575,0.26261629,0.192034691,0.22741026,0.36625192,0.260883706,0.283008442,0.317900308,0.430575894,0.331579317,0.308230907,0.324241521,0.201178341,0.252203648,0.222993087,0.285608518,0.147424846,0.237655909,0.201281413,0.475202284,0.314446515,0.268891469,0.358201136,0.249432821,0.169706407,0.232109744,0.243364813,0.260490676,0.193855716,0.224182561
692,0.324077933,0.248574236,0.184430399,0.217848778,0.348587811,0.251723458,0.276957782,0.303787965,0.412565961,0.31596359,0.295058441,0.311307171,0.184540363,0.243998012,0.206796139,0.271613605,0.138916721,0.229693677,0.186189784,0.463506088,0.309852914,0.264713445,0.344125176,0.238113042,0.157610922,0.210721191,0.237289268,0.246830433,0.178300366,0.213455477
696,0.307434997,0.235963755,0.176354389,0.207050987,0.329942514,0.241421301,0.266945643,0.288961347,0.393717467,0.300156311,0.281847344,0.297848353,0.168866494,0.23505397,0.191000527,0.25801106,0.131426694,0.220843955,0.171572126,0.448671284,0.30558984,0.259994334,0.329351856,0.227557362,0.145747794,0.181873453,0.22891664,0.232621768,0.161948439,0.201570716
700,0.29012193,0.223296396,0.16815151,0.195037221,0.309124519,0.229170477,0.253280568,0.273848811,0.373997883,0.284023525,0.268796338,0.284421881,0.152669148,0.217474361,0.175853772,0.244925887,0.125834237,0.21072544,0.156298469,0.431180991,0.299790299,0.252418002,0.313966952,0.217962046,0.134173478,0.158977567,0.220161634,0.218043902,0.149987548,0.188756023
704,0.272516116,0.210497623,0.159672456,0.17961132,0.286203227,0.219280063,0.236561963,0.259286014,0.353987789,0.26798529,0.256531299,0.272388565,0.140695898,0.199976846,0.160142602,0.230275457,0.11930128,0.20232497,0.145588412,0.412152472,0.291422116,0.243420506,0.29828706,0.204803023,0.124418276,0.139743172,0.203013183,0.201058344,0.138271917,0.172967561
708,0.255850104,0.199492545,0.14977212,0.159240255,0.262066359,0.208897861,0.218637884,0.245583989,0.33390585,0.249799077,0.245054018,0.260910968,0.128497992,0.177452845,0.148106003,0.219810882,0.111733107,0.192112241,0.132087615,0.390787637,0.283403674,0.225303501,0.282460426,0.194964369,0.113347973,0.125167077,0.185854719,0.191814466,0.125418043,0.152720644
712,0.238309684,0.192425531,0.140012294,0.140029187,0.233864233,0.197794512,0.201620938,0.231653168,0.310656902,0.234901507,0.232893419,0.248861104,0.115032527,0.155921283,0.136059554,0.209773168,0.102813289,0.180745607,0.121800489,0.365790868,0.264527004,0.206119635,0.266593121,0.186738293,0.105328615,0.113793799,0.16401705,0.182259673,0.116389705,0.133892006
716,0.225689975,0.182743438,0.130126592,0.12227623,0.207509959,0.184593174,0.18553653,0.219780259,0.291248248,0.222607674,0.220020278,0.233988532,0.10507553,0.135943723,0.12234185,0.2039857,0.092111778,0.167239329,0.11411734,0.337631817,0.235358364,0.180726159,0.250216686,0.182392396,0.098710544,0.112000392,0.143845742,0.176944393,0.109876295,0.116568107
720,0.213830742,0.170372953,0.121502853,0.105769307,0.180935717,0.170309583,0.168825632,0.204694347,0.274853091,0.213305331,0.207322598,0.220343954,0.096968815,0.117475337,0.112294081,0.194034516,0.079672402,0.153687749,0.108176293,0.308484501,0.204281779,0.15555525,0.236742511,0.174151147,0.097620265,0.106825858,0.125561322,0.168335605,0.109239852,0.10017501
724,0.202902232,0.155529556,0.110657402,0.096483863,0.162351639,0.155617859,0.155538544,0.191747384,0.263229997,0.200099309,0.192947945,0.208553197,0.095059504,0.101035981,0.104822199,0.180095733,0.067667914,0.141347294,0.107880222,0.28019236,0.175457297,0.131830441,0.222740835,0.162623354,0.090140811,0.102416108,0.112921401,0.156987322,0.101327081,0.085610395
728,0.193226726,0.137604928,0.09816705,0.084018559,0.146117859,0.140780004,0.145795422,0.180742956,0.246997104,0.183367085,0.184771377,0.19746372,0.087888671,0.087937783,0.098582985,0.163355318,0.055310272,0.126038688,0.100481388,0.264327104,0.149472773,0.109704315,0.206632702,0.148220643,0.077968266,0.097085093,0.095735683,0.143159951,0.087666114,0.078449194
732,0.184660472,0.117878216,0.085259313,0.070760304,0.133565511,0.128790173,0.140020364,0.171492038,0.227620616,0.164317979,0.173852403,0.187805527,0.076204661,0.083334921,0.092714864,0.143805836,0.046927898,0.109464212,0.087364764,0.24686713,0.127077288,0.092063139,0.193662597,0.130999285,0.062200514,0.096088836,0.077038562,0.12763004,0.069884897,0.069749927
736,0.176327575,0.098435268,0.072171658,0.058942919,0.123591154,0.115866453,0.134876549,0.163323404,0.20603095,0.143008957,0.1604763,0.179127073,0.060782185,0.077650054,0.087719481,0.123431075,0.041600204,0.092056807,0.069684162,0.233179487,0.107902127,0.080077268,0.182790428,0.11140148,0.043764027,0.086738031,0.059530246,0.110180717,0.049114779,0.061693619
740,0.168294679,0.08015845,0.060574106,0.043061633,0.124507393,0.102040446,0.126829217,0.156415274,0.183730517,0.122334228,0.145869958,0.171927906,0.042804992,0.065525879,0.087523565,0.102518331,0.041612901,0.076643306,0.048901635,0.224747504,0.095049099,0.07381926,0.17829306,0.093092636,0.027912197,0.07501711,0.045432586,0.092922411,0.031021629,0.048913376
744,0.160285538,0.067652328,0.05133617,0.027035881,0.118350419,0.09049011,0.116411081,0.150441497,0.161875129,0.103167664,0.130975325,0.166209374,0.027504247,0.051259261,0.079798778,0.082847274,0.038719362,0.064695747,0.030460089,0.216516125,0.089260532,0.073188133,0.170347292,0.076635465,0.013618667,0.060346335,0.02890319,0.075376111,0.014760989,0.034923765
748,0.151542392,0.061126983,0.04281003,0.011031386,0.097135337,0.078946888,0.102144037,0.147389308,0.140271753,0.084900292,0.114790557,0.159891967,0.013393709,0.034623075,0.06946564,0.070637918,0.034228115,0.053916849,0.012406613,0.206497361,0.095822497,0.070994588,0.159183785,0.067472061,0.000803469,0.043514787,0.013683626,0.065448404,0.000431001,0.019894993
752,0.144679124,0.060568437,0.038339431,0.00111077,0.08527108,0.06720335,0.090107793,0.139100999,0.117753673,0.074372194,0.098887091,0.154938194,0.000637398,0.021673934,0.055581433,0.063680729,0.028233966,0.045028901,0.000911865,0.19411676,0.090417799,0.072597466,0.143782165,0.061531129,0.004930095,0.02511369,0.000141979,0.061081084,0.00574378,0.009456771
756,0.137818928,0.059762405,0.038592089,0.004424294,0.070242607,0.056288721,0.078609057,0.128361905,0.104637257,0.06863588,0.085210656,0.143180041,0.004852638,0.01064403,0.038298129,0.063974097,0.020905702,0.03847292,0.005324904,0.177448232,0.07853358,0.066474477,0.126760357,0.062438899,0.005517371,0.011788706,0.005421813,0.060997384,0.005873367,0.001656376
760,0.127205897,0.059443044,0.038280848,0.005319016,0.050806874,0.050214269,0.066282195,0.113111124,0.096996046,0.068179645,0.075438298,0.13101809,0.005368061,0.001638823,0.024315693,0.061935625,0.013128639,0.036377009,0.00583641,0.157519276,0.060573292,0.058795385,0.111798977,0.061932898,0,0.001659726,0.005323398,0.060589747,0,0.003557964
764,0.113850608,0.060485359,0.033950651,0,0.035476651,0.042986122,0.05823158,0.098523204,0.097166914,0.067466036,0.067475231,0.116420364,0,0.003919451,0.012085269,0.062453499,0.006492015,0.039492853,0,0.135410648,0.044851123,0.048276116,0.095962562,0.061514111,0,0.004282041,0,0.061566541,0,0.004525142
768,0.101908807,0.064421508,0.027612832,0,0.021639333,0.035769891,0.056339865,0.086451041,0.092223246,0.067417188,0.068918489,0.102612929,0,0.004728569,0.002134952,0.062641936,0.00046061,0.037444038,0,0.11791028,0.029127012,0.035463099,0.079171858,0.063862476,0,0.005543935,0,0.061640598,0,0
772,0.091185134,0.062200366,0.020110747,0,0.01158076,0.029830947,0.052816383,0.07695292,0.088814452,0.071379281,0.068248439,0.090862504,0,0,0.004332275,0.066409044,0.002258769,0.032786136,0,0.104662698,0.014687857,0.023129726,0.071124867,0.060048686,0,0,0,0.061275647,0,0
776,0.081005968,0.055790701,0.011868597,0,0.006555251,0.021607947,0.049081071,0.069433716,0.090601445,0.068275472,0.067319122,0.079939666,0,0,0.005245028,0.064369158,0.002601998,0.025675262,0,0.100186377,0.002269254,0.011664384,0.069020798,0.051772908,0,0,0,0.062554298,0,0
780,0.07180102,0.045908004,0.005571923,0,0.009279785,0.012862156,0.040183017,0.06404856,0.085332527,0.061176519,0.069598342,0.071230834,0,0,0,0.05719205,0,0.018920768,0,0.09229093,0.004860467,0.002181432,0.072929979,0.042179971,0,0,0,0.058868087,0,0
784,0.069960399,0.033566237,0.000932969,0,0.001898138,0.006196948,0.029479465,0.065324904,0.074595085,0.050537632,0.065874463,0.06862305,0,0,0,0.047132715,0,0.012553018,0,0.078584384,0.006152464,0.00411111,0.076039569,0.031091219,0,0,0,0.050545059,0,0
788,0.065623928,0.021781791,0.00236715,0,0.007592551,0.00106494,0.017787971,0.065143521,0.060012691,0.037668576,0.057164467,0.063863512,0,0,0,0.035070357,0,0.006334717,0,0.063113326,0,0.004777914,0.072449131,0.019508634,0,0,0,0.040635846,0,0
792,0.061045193,0.010859621,0.002404576,0,0,0.002396313,0.008785553,0.057477701,0.042978819,0.024436201,0.046042513,0.059061385,0,0,0,0.022167342,0,0.001097969,0,0.047460818,0,0,0.062947515,0.008230268,0,0,0,0.029320373,0,0
796,0.049602252,0.001926915,0,0,0,0.002779884,0.001641548,0.046439852,0.027433807,0.011300706,0.032627661,0.047636612,0,0,0,0.010753915,0,0.002144793,0,0.030654012,0,0,0.051362524,0.000927272,0,0,0,0.017296566,0,0
800,0.035527387,0.003980865,0,0,0,0,0.003246406,0.032880059,0.013161939,0.000940461,0.020456866,0.033766957,0,0,0,0.001147613,0,0.002611902,0,0.014235372,0,0,0.038144653,0.003152209,0,0,0,0.008337772,0,0
804,0.021472701,0.004377088,0,0,0,0,0.003794567,0.019347134,0.002566582,0.004025772,0.00844746,0.019966796,0,0,0,0.003556477,0,0,0,0.000397222,0,0,0.023133237,0.003849822,0,0,0,0.001400247,0,0
808,0.010522494,0,0,0,0,0,0,0.009077584,0.005029232,0.004665873,0.000864649,0.009508543,0,0,0,0.004508498,0,0,0,0.005478123,0,0,0.009347564,0,0,0,0,0.003246077,0,0
812,0.002032899,0,0,0,0,0,0,0.001336981,0.005666668,0,0.003379695,0.001488328,0,0,0,0,0,0,0,0.005595025,0,0,0.000720737,0,0,0,0,0.003680495,0,0
816,0.003462607,0,0,0,0,0,0,0.003345142,0,0,0.00403129,0.00370493,0,0,0,0,0,0,0,0,0,0,0.003929741,0,0,0,0,0,0,0
820,0.004859189,0,0,0,0,0,0,0.004191134,0,0,0,0.004236558,0,0,0,0,0,0,0,0,0,0,0.004402021,0,0,0,0,0,0,0
824,0,0,0,0,0,0,0,0,0,0,0,0,0,0,0,0,0,0,0,0,0,0,0,0,0,0,0,0,0,0
828,0,0,0,0,0,0,0,0,0,0,0,0,0,0,0,0,0,0,0,0,0,0,0,0,0,0,0,0,0,0
832,0,0,0,0,0,0,0,0,0,0,0,0,0,0,0,0,0,0,0,0,0,0,0,0,0,0,0,0,0,0
836,0,0,0,0,0,0,0,0,0,0,0,0,0,0,0,0,0,0,0,0,0,0,0,0,0,0,0,0,0,0
840,0,0,0,0,0,0,0,0,0,0,0,0,0,0,0,0,0,0,0,0,0,0,0,0,0,0,0,0,0,0
844,0,0,0,0,0,0,0,0,0,0,0,0,0,0,0,0,0,0,0,0,0,0,0,0,0,0,0,0,0,0
848,0,0,0,0,0,0,0,0,0,0,0,0,0,0,0,0,0,0,0,0,0,0,0,0,0,0,0,0,0,0
852,0,0,0,0,0,0,0,0,0,0,0,0,0,0,0,0,0,0,0,0,0,0,0,0,0,0,0,0,0,0
856,0,0,0,0,0,0,0,0,0,0,0,0,0,0,0,0,0,0,0,0,0,0,0,0,0,0,0,0,0,0
860,0,0,0,0,0,0,0,0,0,0,0,0,0,0,0,0,0,0,0,0,0,0,0,0,0,0,0,0,0,0
864,0,0,0,0,0,0,0,0,0,0,0,0,0,0,0,0,0,0,0,0,0,0,0,0,0,0,0,0,0,0
868,0,0,0,0,0,0,0,0,0,0,0,0,0,0,0,0,0,0,0,0,0,0,0,0,0,0,0,0,0,0
872,0,0,0,0,0,0,0,0,0,0,0,0,0,0,0,0,0,0,0,0,0,0,0,0,0,0,0,0,0,0
876,0,0,0,0,0,0,0,0,0,0,0,0,0,0,0,0,0,0,0,0,0,0,0,0,0,0,0,0,0,0
880,0,0,0,0,0,0,0,0,0,0,0,0,0,0,0,0,0,0,0,0,0,0,0,0,0,0,0,0,0,0
884,0,0,0,0,0,0,0,0,0,0,0,0,0,0,0,0,0,0,0,0,0,0,0,0,0,0,0,0,0,0
888,0,0,0,0,0,0,0,0,0,0,0,0,0,0,0,0,0,0,0,0,0,0,0,0,0,0,0,0,0,0
892,0,0,0,0,0,0,0,0,0,0,0,0,0,0,0,0,0,0,0,0,0,0,0,0,0,0,0,0,0,0
896,0,0,0,0,0,0,0,0,0,0,0,0,0,0,0,0,0,0,0,0,0,0,0,0,0,0,0,0,0,0
900,0,0,0,0,0,0,0,0,0,0,0,0,0,0,0,0,0,0,0,0,0,0,0,0,0,0,0,0,0,0
904,0,0,0,0,0,0,0,0,0,0,0,0,0,0,0,0,0.002594751,0,0,0,0,0,0,0,0,0,0,0,0,0
908,0,0,0,0,0,0,0,0,0,0,0,0,0,0,0,0,0.002378287,0,0,0,0,0,0,0,0,0,0,0,0,0
912,0,0,0,0,0,0.002692445,0,0,0,0,0,0,0.005459433,0.005303326,0,0,0.000629981,0,0,0,0,0,0,0,0,0,0,0,0.006074195,0.004465307
916,0,0,0,0,0,0.002237615,0,0,0,0,0,0,0.00604469,0.004950925,0,0,0.005685002,0,0,0,0,0,0,0,0.007087827,0,0,0,0.005338013,0.004394632
920,0,0.004156747,0.002654324,0.006098711,0.00806975,0.000479609,0.003426784,0,0,0,0,0,0.000161304,0.000654291,0,0,0.011748371,0,0.007343657,0,0.00637226,0.006435934,0,0.004811951,0.008118939,0,0.005917633,0,3.55E-05,0.001034976
924,0,0.00436189,0.002806704,0.006798781,0.009272439,0.005112202,0.004187314,0,0.005882568,0.004944155,0,0,0.009211527,0.004610127,0.005919847,0.004823812,0.017050818,0.003171226,0.007658262,0,0.006721509,0.006680488,0,0.004692114,0.000877525,0.005521616,0.006608958,0.004684242,0.008725157,0.003023573
928,0.004395984,0.000952861,0.00046548,0.000871902,0.0012425,0.008423064,0.001177003,0,0.006791114,0.00571579,0,0,0.020521807,0.019213231,0.006448764,0.004994082,0.026380029,0.004020979,0.00279516,0.006477316,0.000340653,0.005088898,0,0.001122859,0.008810356,0.006318095,0.000641665,0.005426456,0.020182286,0.015749719
932,0.004521215,0.002351406,0.002079966,0.00651253,0.013966126,0.01756586,0.002161652,0.00488046,0.000619036,0.001267632,0.005458108,0.004195446,0.042868384,0.045626848,0.000190796,0.001104932,0.038742327,0.002574134,0.00687683,0.007232661,0.010244639,0.006996015,0,0.003614752,0.030787423,0.000682987,0.009834328,0.005413649,0.044260956,0.039699133
936,0.001712869,0.014501779,0.009509653,0.025178501,0.035598324,0.029671104,0.014099427,0.005444386,0.006320469,0.004355881,0.0056892,0.004688625,0.076199264,0.080562792,0.009883815,0.003775621,0.054111956,0.003883626,0.03137701,0.006557028,0.028234381,0.031634277,0.006053601,0.017728848,0.065309319,0.008786785,0.023334118,0.004697295,0.08086388,0.072026322
940,0.002411848,0.037919591,0.022050392,0.055465752,0.071821659,0.047286693,0.033486772,0.005216778,0.024641685,0.02035479,0.000608122,0.000895875,0.119134023,0.123127144,0.022428282,0.018237068,0.072311306,0.015374008,0.070111591,0.007020341,0.050620432,0.066429795,0.006056639,0.043429135,0.111023404,0.02096799,0.049217055,0.024927358,0.128288134,0.112076094
944,0.017776333,0.069591921,0.040937872,0.09650733,0.120360789,0.068694562,0.061696815,0.005465951,0.053812439,0.048062617,0.006052511,0.007296182,0.169245002,0.171370017,0.047373087,0.044179692,0.092874804,0.033303041,0.121410353,0.031456262,0.085730167,0.110175658,0.00036641,0.077170583,0.165419665,0.045719445,0.086625179,0.052861265,0.183961662,0.158004731
948,0.04176064,0.108904429,0.065301762,0.146304096,0.178038909,0.094842982,0.094793287,0.024621117,0.095558374,0.083528114,0.022399462,0.016081863,0.222613843,0.221821657,0.084019466,0.07848942,0.122851457,0.056491888,0.181957919,0.069703126,0.131749703,0.161234131,0.006578944,0.118047293,0.224664913,0.082398946,0.133431993,0.088450278,0.243189394,0.206844357
952,0.075745385,0.154350916,0.094879799,0.201970925,0.240551563,0.124645616,0.131497157,0.054159385,0.143004548,0.125693045,0.049757936,0.03399068,0.274739809,0.270326478,0.130865708,0.120334481,0.159857059,0.085022293,0.247861863,0.118890914,0.185715576,0.216736029,0.024058142,0.164076896,0.284425331,0.12939962,0.186730219,0.130711241,0.3006169,0.254916789
956,0.115280381,0.20269742,0.129740144,0.258748357,0.30222991,0.16425563,0.170008691,0.090346828,0.193916752,0.172530029,0.084050205,0.063135367,0.332626822,0.323992263,0.184416017,0.167414078,0.203557446,0.118694772,0.31269447,0.177124738,0.24319355,0.272401932,0.054686045,0.212029886,0.337706317,0.183424375,0.241753962,0.177153577,0.364077647,0.307613316
960,0.159422702,0.250417838,0.166625438,0.311717275,0.357976445,0.208534641,0.208073872,0.133016648,0.24587805,0.22132923,0.124814942,0.098378449,0.39041498,0.375077806,0.24112927,0.217043204,0.251623971,0.154529344,0.370077328,0.241219932,0.299343328,0.322851946,0.0927903,0.258553485,0.395322349,0.240951236,0.293708408,0.225059158,0.42391304,0.358139823
964,0.204353236,0.301648748,0.212017947,0.368141771,0.418105132,0.258165101,0.249627564,0.178828528,0.292930788,0.267116675,0.169073391,0.13778105,0.44062414,0.420912289,0.29409671,0.263817765,0.30480251,0.191976355,0.428708875,0.306170462,0.362420894,0.377319065,0.136262894,0.309231992,0.44908463,0.295369847,0.349600861,0.268771499,0.475919861,0.404048921
968,0.245265215,0.349106883,0.263068064,0.420048219,0.47415733,0.312577492,0.290992177,0.223409185,0.34314131,0.31668946,0.213505422,0.178885701,0.483897962,0.468025211,0.350603903,0.313561925,0.368326817,0.235181718,0.477721784,0.366656487,0.424145696,0.427979964,0.182638518,0.356119703,0.493076992,0.352952566,0.401542621,0.31335766,0.51958449,0.45124997
972,0.287937059,0.390217664,0.319740182,0.463200151,0.521173425,0.377641849,0.329093996,0.262008885,0.390355049,0.36425967,0.25276631,0.217492698,0.526955786,0.513743965,0.402961647,0.359251287,0.437600184,0.284297812,0.518517951,0.429853489,0.479483406,0.482333651,0.227366962,0.397727171,0.537071752,0.407075497,0.445206732,0.353316077,0.562443616,0.497639928
976,0.324133497,0.431637281,0.390360737,0.505694025,0.558527731,0.451669151,0.370017011,0.300018111,0.427557065,0.405297073,0.293687485,0.258583014,0.565324645,0.553346782,0.444185129,0.398009157,0.514187737,0.345259138,0.5579114,0.487156075,0.528688624,0.536978196,0.264526892,0.439820553,0.576862494,0.451463546,0.480368944,0.394322802,0.599508863,0.539171739
980,0.356879199,0.473028046,0.468264281,0.545975733,0.59570806,0.531252799,0.410171465,0.33365705,0.46819521,0.450125289,0.330716221,0.298036099,0.601065784,0.590119635,0.477772994,0.439253134,0.592025243,0.413802469,0.594591191,0.546576615,0.570626455,0.589429172,0.304149236,0.48114292,0.614033003,0.489322732,0.517299784,0.434460997,0.632929899,0.578821329
984,0.395024471,0.512797586,0.551004641,0.585472891,0.630543593,0.610050302,0.44988991,0.371601886,0.509941465,0.495948506,0.361152693,0.333030043,0.636327662,0.625768515,0.513442497,0.481261024,0.666881405,0.489249336,0.630960815,0.601094472,0.614345864,0.641081614,0.338120987,0.518622606,0.650414047,0.530230002,0.553781344,0.473445738,0.66513554,0.618145054
988,0.436157892,0.554540123,0.631414214,0.62610997,0.665800855,0.684192297,0.4877824,0.411236879,0.556709583,0.541776929,0.395584174,0.364047791,0.672821237,0.662147854,0.550387015,0.523387459,0.735511047,0.565002291,0.668922402,0.653641431,0.657630427,0.691974848,0.367057719,0.555793361,0.687703456,0.572601317,0.592099593,0.515577218,0.697772815,0.658764699
992,0.485976734,0.601698442,0.704932023,0.671325081,0.706026621,0.748865211,0.52690812,0.456724216,0.608096589,0.592833801,0.433275862,0.401004303,0.713929054,0.702781441,0.592421936,0.569917983,0.794979733,0.637347701,0.712471023,0.702334628,0.703344117,0.743423926,0.402106751,0.5951011,0.729362636,0.619998769,0.635972665,0.56531516,0.734339733,0.704025812
996,0.541093416,0.653247596,0.76856437,0.719904573,0.750798353,0.802141111,0.568999639,0.506153429,0.665294857,0.648230751,0.473383107,0.443849792,0.758253586,0.746546812,0.63950505,0.620502495,0.843810746,0.702868609,0.759667262,0.748424604,0.750612273,0.793658285,0.443551031,0.637467982,0.773591246,0.671315252,0.684296654,0.621349286,0.774093907,0.751977879
1000,0.604416841,0.709988,0.820189553,0.772899391,0.801446477,0.842428041,0.615949179,0.563135177,0.729539433,0.709292289,0.519762671,0.489669983,0.806779249,0.794116212,0.692792376,0.676204946,0.881705563,0.758627214,0.811250045,0.792628293,0.800677482,0.843951021,0.488104142,0.684969248,0.821079584,0.727196471,0.738107682,0.68465074,0.817618789,0.802781271
1004,0.67109366,0.767381715,0.861194332,0.825364925,0.852613726,0.872887202,0.666513244,0.624379267,0.79466595,0.771160876,0.571948073,0.540984564,0.854675674,0.84151352,0.748760165,0.733322145,0.910870184,0.804999956,0.861566285,0.835847185,0.849600008,0.890321203,0.538657565,0.734877747,0.867147746,0.783214383,0.792324725,0.749221482,0.861261295,0.852060412
1008,0.737120328,0.822647665,0.893715074,0.874736347,0.905600521,0.897532774,0.720992814,0.68802363,0.858517074,0.830620498,0.630533679,0.599386105,0.899927824,0.888898518,0.808923099,0.790043186,0.935009209,0.842575718,0.907830519,0.889738107,0.897324783,0.9308642,0.597741777,0.786194424,0.910019042,0.837283294,0.84286155,0.80916119,0.907933953,0.898631699
1012,0.798735342,0.872151819,0.920601277,0.917220285,0.951337435,0.919009554,0.776201296,0.750635296,0.913608334,0.88309996,0.692182551,0.661880082,0.938219261,0.930359002,0.865392721,0.84270533,0.954495909,0.875103539,0.945921259,0.940711799,0.938232904,0.962297397,0.661224628,0.835660021,0.945808927,0.88545132,0.887482219,0.862013934,0.949192945,0.938023028
1016,0.855289087,0.914725896,0.947561625,0.951484154,0.977703133,0.943928615,0.831708541,0.810624588,0.952687687,0.927193693,0.755121123,0.726222392,0.967110019,0.959665723,0.908016399,0.889730453,0.974616311,0.90823007,0.973009236,0.967428009,0.967506297,0.985695753,0.724467191,0.883381684,0.971882781,0.92592495,0.927729471,0.910649938,0.972988757,0.966929122
1020,0.904075332,0.948762,0.969288614,0.976041681,0.989336717,0.965775827,0.883208764,0.865276969,0.977419363,0.960770178,0.816174092,0.789714857,0.986025488,0.978181516,0.939302893,0.929093419,0.989108872,0.937673947,0.989398064,0.977064257,0.985397518,0.998330042,0.785978421,0.925394502,0.988075641,0.95723318,0.960294149,0.950793605,0.984095063,0.985195386
1024,0.944831172,0.976112159,0.989152745,0.993309406,0.998562333,0.986704863,0.931912759,0.916398647,0.993869988,0.984736652,0.877691108,0.855969587,0.99809382,0.99335333,0.968818223,0.962614534,0.99921515,0.967152664,0.99937155,0.991677386,0.997377411,1,0.851178837,0.962051524,0.998583792,0.981929084,0.984364651,0.979743822,0.995395217,0.997420048
1028,0.974917896,0.993410928,1,1,1,0.999602352,0.970670904,0.958060985,1,0.997487727,0.932087346,0.916208855,1,1,0.990453806,0.986561547,1,0.988861244,1,1,1,0.989675966,0.911366587,0.987955636,1,0.99654124,0.997533006,0.995786662,1,1
1032,0.994644844,1,0.998280056,0.995256182,0.990100123,1,0.994696692,0.987374173,0.996059583,1,0.974670432,0.964965616,0.99098615,0.995040373,1,1,0.988169235,1,0.99073812,0.991621434,0.991876241,0.969181816,0.960980334,1,0.991149535,1,1,1,0.992946491,0.991673561
1036,1,0.992751128,0.982878404,0.976833663,0.965836991,0.98614767,1,1,0.979512812,0.989596579,0.999437178,0.995494934,0.969160945,0.975746571,0.994127985,0.999354103,0.963286719,0.997002549,0.969462386,0.964915643,0.971268961,0.938652057,0.993193041,0.995182546,0.970097491,0.989294781,0.988890098,0.989237033,0.971390944,0.970131097
1040,0.98863779,0.969627693,0.950850434,0.94359448,0.924556435,0.954424184,0.982218139,0.991748389,0.949985662,0.96580102,1,1,0.933690234,0.939575598,0.969154152,0.981893369,0.924033016,0.974352518,0.93539403,0.915064054,0.937591431,0.90058803,1,0.970859366,0.935850054,0.962468287,0.962981393,0.962578447,0.931534699,0.933914501
1044,0.961750213,0.933359812,0.907411575,0.898590827,0.87240484,0.910882381,0.945624328,0.965151037,0.909929905,0.929552354,0.979184565,0.982086697,0.887643663,0.891774817,0.931116584,0.95029513,0.875647954,0.937062776,0.891265429,0.855019294,0.894153554,0.85528393,0.985111412,0.930519031,0.891636608,0.923056334,0.923990066,0.921311347,0.881142589,0.88724544
1048,0.922947766,0.888686237,0.859317444,0.846807056,0.816944582,0.863103592,0.895864945,0.924660279,0.864366172,0.884488217,0.940626034,0.94580053,0.836135036,0.838671918,0.886964867,0.908949821,0.825062156,0.891503632,0.841870029,0.796136912,0.846377326,0.80518428,0.952436952,0.879273267,0.842456557,0.876377074,0.875736674,0.86943968,0.828311058,0.836033657
1052,0.87892714,0.841083602,0.811203297,0.793460909,0.756686209,0.815418226,0.839838408,0.876666653,0.81468908,0.83572382,0.891203311,0.897519936,0.782854202,0.78256653,0.837205443,0.863067165,0.776417749,0.84313292,0.790771863,0.731283102,0.795556955,0.754592991,0.906768093,0.823968185,0.791654588,0.827323119,0.825411879,0.816229881,0.771548342,0.783305814
1056,0.839507316,0.799609587,0.772075338,0.747127417,0.696524884,0.776682764,0.788347088,0.831448358,0.767254046,0.791712103,0.841704785,0.848012447,0.735050232,0.730781933,0.788925124,0.821447602,0.73783101,0.801586729,0.745066496,0.664533412,0.747595918,0.710079491,0.857862527,0.774757956,0.746345578,0.784665576,0.782803482,0.772943791,0.716382843,0.736338618
1060,0.80355666,0.763872255,0.740919111,0.707906251,0.647553158,0.74474343,0.743574517,0.791192221,0.726002332,0.751636877,0.797046062,0.803679169,0.693541236,0.689004021,0.75122652,0.785179881,0.706600401,0.766625411,0.70598417,0.619563287,0.705945265,0.669292121,0.814480436,0.731939451,0.707965456,0.748746797,0.74485916,0.734321184,0.674313306,0.697102579
1064,0.775716778,0.73800755,0.722148627,0.679470083,0.618825791,0.722707443,0.712624777,0.762963825,0.695557697,0.718479988,0.766805913,0.775380606,0.662026797,0.664170739,0.733546732,0.759909688,0.684634016,0.744205237,0.677181574,0.613732504,0.675319852,0.633755836,0.788583456,0.700709075,0.680350894,0.723853908,0.714021487,0.7020071,0.655123406,0.669999644
1068,0.750060842,0.714457588,0.704941863,0.654371495,0.595829395,0.700457609,0.686761433,0.738674195,0.667423654,0.687055612,0.74234361,0.753362141,0.633289238,0.644271249,0.721178764,0.737998078,0.662797285,0.724144225,0.650794548,0.620207727,0.646847706,0.60033722,0.769379797,0.673822444,0.655262198,0.701700073,0.68520429,0.671830242,0.642394346,0.645919242
1072,0.724245166,0.689290486,0.68084004,0.628409435,0.572054576,0.669925735,0.66212435,0.715336828,0.638175076,0.654858577,0.721434651,0.734941997,0.603408181,0.623130877,0.7075093,0.715957698,0.633443216,0.699364495,0.62268089,0.625490717,0.615407671,0.566094022,0.754275022,0.647683011,0.628249141,0.677810158,0.655553118,0.641012254,0.62822542,0.619768574
1076,0.692550331,0.657690873,0.645794458,0.59770843,0.54635823,0.628564888,0.633480719,0.686845902,0.604166143,0.618468602,0.696940002,0.712231996,0.568829551,0.596016721,0.686183045,0.688027803,0.594902385,0.663556713,0.589408013,0.622094201,0.579494309,0.529366449,0.734708115,0.617911201,0.59581276,0.647701957,0.620995052,0.605549275,0.606772128,0.587651278
1080,0.649793788,0.613730808,0.591970886,0.557252726,0.50483502,0.569619482,0.594712182,0.647234484,0.561175477,0.574480078,0.662324803,0.678050123,0.52485035,0.556424181,0.64950055,0.648373253,0.541712575,0.607262269,0.546339987,0.597722882,0.534777702,0.487647603,0.702766956,0.579426628,0.553204555,0.605845871,0.577006358,0.560977294,0.569872013,0.544067132
1084,0.599370344,0.562961794,0.529617436,0.51086581,0.453136274,0.504422177,0.550350772,0.600642393,0.509958107,0.525857562,0.620877389,0.636384895,0.475408277,0.509002347,0.602291031,0.60069211,0.482705186,0.541692387,0.497359883,0.559283881,0.489252552,0.442567778,0.662351892,0.535705265,0.504342204,0.556694928,0.527020592,0.511041432,0.52303834,0.493814996
1088,0.541640168,0.506089201,0.466634003,0.458775057,0.390001549,0.442576809,0.50114692,0.547726853,0.456309388,0.472949446,0.572047872,0.586708293,0.424091595,0.45398794,0.544663985,0.545295341,0.424826845,0.475252344,0.446549866,0.506857297,0.434895469,0.39274846,0.613325165,0.486573917,0.44966307,0.501257778,0.471476116,0.456318399,0.46993809,0.437998086
1092,0.482102697,0.448522499,0.408275847,0.406150226,0.326601242,0.387659692,0.452063615,0.493806454,0.404206971,0.419167393,0.521550818,0.53590683,0.368778666,0.396415444,0.483755074,0.487836353,0.371860863,0.41348298,0.39069485,0.451306718,0.377003192,0.345727445,0.561925593,0.436970621,0.397853541,0.444952779,0.415514785,0.401779907,0.409622064,0.380637479
1096,0.42500086,0.394531872,0.360934451,0.360481709,0.265767214,0.345463431,0.407087148,0.443008265,0.359279243,0.370031256,0.473531259,0.488697902,0.313857708,0.343612925,0.425236927,0.432693999,0.3286181,0.363429511,0.334548031,0.399369236,0.317181066,0.303814447,0.512981517,0.390651767,0.345062755,0.392109068,0.366643309,0.350391462,0.348644336,0.328808751
1100,0.371511281,0.344615858,0.322708084,0.31478018,0.217396942,0.311509108,0.366837484,0.39651994,0.314401437,0.325487518,0.429434295,0.446077308,0.261620718,0.296656287,0.374971389,0.382005618,0.29185647,0.323272488,0.280445582,0.355047149,0.263087982,0.269543991,0.467867002,0.34866932,0.293490527,0.347804294,0.317725324,0.304927956,0.289822488,0.283350082
1104,0.325756969,0.302935826,0.292385465,0.271986878,0.169308983,0.283909098,0.33313955,0.35654186,0.27109715,0.28836399,0.39210437,0.410477649,0.212985437,0.257605836,0.327500302,0.33770856,0.262120433,0.290388404,0.229070466,0.31410358,0.215787339,0.237460144,0.429782063,0.313041144,0.246062647,0.305619157,0.271882157,0.266916385,0.2354165,0.245865707
1108,0.287630072,0.268751238,0.264204626,0.232922767,0.125042752,0.257345631,0.304029421,0.320932353,0.230966698,0.253527478,0.359813718,0.379515777,0.172944546,0.228195019,0.28352504,0.301174854,0.236172508,0.262453619,0.186843149,0.274875268,0.174877543,0.207274085,0.396441484,0.281542322,0.201812152,0.266213649,0.23020515,0.236106953,0.190744998,0.217737533
1112,0.257544537,0.241662716,0.236092663,0.198529872,0.088091892,0.227530135,0.277242578,0.291847836,0.194269376,0.221167904,0.332191343,0.352384879,0.141918947,0.202767188,0.24481474,0.272338462,0.209878138,0.234494505,0.154563957,0.237681039,0.140582319,0.178339054,0.366626492,0.255920222,0.166504551,0.230632352,0.191571384,0.21227711,0.156727823,0.193610626
1116,0.234686005,0.220708229,0.209473407,0.167145112,0.060767303,0.196556415,0.254212742,0.268328904,0.162851841,0.192527779,0.30639313,0.326670952,0.119510028,0.181079671,0.211624264,0.250271267,0.185184963,0.207335171,0.132017868,0.203765117,0.116498894,0.152098262,0.33938272,0.235024517,0.140016501,0.199358105,0.161514104,0.194585317,0.132849935,0.173258163
1120,0.216813925,0.2032447,0.18186925,0.14248329,0.03563889,0.161984812,0.231636056,0.24766018,0.135530545,0.16668633,0.282074421,0.301117295,0.103174291,0.161141918,0.182873403,0.232310702,0.160410393,0.177560624,0.117280797,0.171783938,0.100666187,0.127341861,0.312520018,0.218151567,0.120640515,0.171163565,0.138165757,0.180466893,0.117188492,0.15476854
1124,0.203902929,0.192866587,0.160423376,0.125059387,0.015936672,0.133740495,0.210828845,0.230728583,0.112580299,0.144942644,0.259835121,0.276868372,0.094463773,0.143499051,0.15936984,0.219113149,0.14173657,0.154456619,0.110791886,0.145529427,0.094610467,0.10641096,0.287364816,0.200730783,0.108726201,0.145137342,0.122044482,0.17172704,0.109668579,0.138839681
1128,0.196583255,0.183095229,0.149417133,0.114549864,2.95E-05,0.116118736,0.193252481,0.216970448,0.099896082,0.128382419,0.238581848,0.253353273,0.092112687,0.12709766,0.137942975,0.209501213,0.132923223,0.142114909,0.112538845,0.127708013,0.088719039,0.091186782,0.263264982,0.182203268,0.103921394,0.127250866,0.112410757,0.163095043,0.108456438,0.125070397
1132,0.189248172,0.173534142,0.147150313,0.110715236,0.006694839,0.107828797,0.175355871,0.205945255,0.094566274,0.115249887,0.221205016,0.232557467,0.088677159,0.113224004,0.125216301,0.20485074,0.131569763,0.139185093,0.11146021,0.11921573,0.090460053,0.083669487,0.245495407,0.163677178,0.104895134,0.117190977,0.108192046,0.154317998,0.105286475,0.111875766
1136,0.181378836,0.162996334,0.154956152,0.111731714,0.007828946,0.113401635,0.157965015,0.19930336,0.100720664,0.108014791,0.203526935,0.217094985,0.089322798,0.102247079,0.119903964,0.199411528,0.138087989,0.147567238,0.114447398,0.118313539,0.083481205,0.083333674,0.223150156,0.144850036,0.106677788,0.113982274,0.110194285,0.144308199,0.106145192,0.102273473
1140,0.16945199,0.150062909,0.165808392,0.113019737,0,0.119523496,0.140030923,0.189878327,0.096670979,0.107956522,0.184872308,0.200934037,0.082789064,0.096461271,0.126005326,0.190337392,0.147330737,0.159423682,0.107269129,0.122765227,0.075210259,0.091701025,0.201059167,0.126308406,0.100134688,0.121641404,0.110940753,0.133511224,0.098144219,0.097616932
1144,0.158827586,0.138929907,0.177097209,0.105329806,0,0.124355443,0.124964198,0.175974252,0.085956509,0.102447272,0.164148393,0.182204564,0.069459775,0.086126519,0.118111806,0.175331966,0.1520591,0.170629211,0.090641285,0.124393053,0.06257815,0.089234243,0.178136988,0.110797959,0.085943032,0.115568785,0.102415674,0.123956149,0.081906499,0.087813644
1148,0.13842076,0.119899165,0.179861325,0.091027325,0,0.124313747,0.104611629,0.160475546,0.070818497,0.08878615,0.145651621,0.165184629,0.055673701,0.074730164,0.103491317,0.15954952,0.150427671,0.176283219,0.072489196,0.116227406,0.047161248,0.080578843,0.157934356,0.090770722,0.066241186,0.102460832,0.086934991,0.107272816,0.064957326,0.076102868
1152,0.111753537,0.096030633,0.166488705,0.071604599,0,0.112791428,0.081025203,0.137268226,0.052290522,0.070720734,0.121070969,0.140307795,0.040865442,0.058435245,0.084294838,0.134685956,0.134835441,0.164360711,0.052593621,0.099889597,0.030621218,0.066601908,0.130829307,0.071032078,0.047411529,0.084129696,0.065873738,0.086350858,0.046963852,0.059395374
1156,0.08234539,0.070545918,0.141041248,0.048516769,0,0.093302104,0.058488627,0.108596859,0.033662999,0.050584313,0.092420685,0.10998553,0.025994317,0.041165019,0.062504963,0.104537468,0.110134319,0.139924333,0.032759026,0.07817303,0.015593701,0.049400088,0.100853966,0.052444232,0.029121632,0.062376168,0.046289472,0.063858231,0.029428639,0.041703522
1160,0.053414486,0.046277725,0.107201445,0.028361613,0,0.068047093,0.037086963,0.077331391,0.015870701,0.030025275,0.064416083,0.078443617,0.011820528,0.024160396,0.03983056,0.072503127,0.079731307,0.106444695,0.014613499,0.05316774,0.002597694,0.03037837,0.070799825,0.036511359,0.012815156,0.038665183,0.027452216,0.042265823,0.013668668,0.024568513
1164,0.028815244,0.026969828,0.070584008,0.011654849,0,0.042565529,0.019794755,0.047809685,0.001964004,0.01251807,0.039432448,0.04894267,0.001355875,0.00982603,0.018570691,0.043426033,0.049078887,0.070479898,0.001077414,0.029677525,0.005410716,0.013388159,0.044100073,0.020707246,0.000826446,0.015393176,0.011624831,0.024843738,0.001616989,0.010266861
1168,0.01195117,0.010437692,0.037052339,0.000508443,0,0.019956145,0.008403704,0.02348874,0.005654426,0.000787379,0.019826411,0.024303509,0.004519734,5.92E-05,0.000545333,0.0209528,0.023136662,0.03706846,0.005526317,0.011569245,0.006214146,0.001452607,0.023392997,0.008357096,0.005023571,0.000787132,0.000573987,0.009875176,0.005244647,0.000643167
1172,0.000756551,0.000692287,0.010362735,0.005331937,0,0.003828495,0.000441632,0.006446514,0.006682259,0.005958961,0.007691376,0.006975233,0.005135886,0.004557822,0.007440429,0.007061727,0.004155188,0.010418656,0.006469667,0.000861184,0,0.005803435,0.011299027,8.08E-05,0.005791055,0.006991546,0.005761602,0.000333481,0.005934599,0.004970844
1176,0.005823803,0.005443823,0.004792846,0.005575801,0,0.001986461,0.004253488,0.001048281,0,0.005574534,0.000549138,0.000907349,0,0.004550032,0.007127137,0.001480606,0.004470753,0.004561537,0,0.006057163,0,0.005611655,0.000910637,0.004263311,0,0.006864003,0.005074227,0.004874721,0,0.004661401
1180,0.006009428,0.005136664,0.009866587,0,0,0.005383224,0.004291985,0.005414501,0,0,0.004464855,0.005273276,0,0,0,0.005197289,0.005369662,0.009551162,0,0.005375259,0,0,0.0054452,0.004096421,0,0,0,0.004829268,0,0
1184,0,0,0.00467466,0,0,0.003133809,0,0.004770073,0,0,0.004531629,0.005127926,0,0,0,0.004393905,0.003548488,0.004843476,0,0,0,0,0.00511107,0,0,0,0,0,0,0
1188,0,0,0,0,0,0,0,0,0,0,0,0,0,0,0,0,0,0,0,0,0,0,0,0,0,0,0,0,0,0
1192,0,0,0,0,0,0,0,0,0,0,0,0,0,0,0,0,0,0,0,0,0,0,0,0,0,0,0,0,0,0
1196,0,0,0,0,0,0,0,0,0,0,0,0,0,0,0,0,0,0,0,0,0,0,0,0,0,0,0,0,0,0
1200,0,0,0,0,0,0,0,0,0,0,0,0,0,0,0,0,0,0,0,0,0,0,0,0,0,0,0,0,0,0
1204,0,0,0,0,0,0,0,0,0,0,0,0,0,0,0,0,0,0,0,0,0,0,0,0,0,0,0,0,0,0
1208,0,0,0,0,0,0,0,0,0,0,0,0,0,0,0,0,0,0,0,0,0,0,0,0,0,0,0,0,0,0
1212,0,0,0,0,0,0,0.003714094,0,0,0,0.004427767,0.004425268,0,0,0,0.004306827,0,0,0,0,0,0,0,0.004292137,0,0,0,0,0,0
1216,0.004375054,0.004522689,0,0.005203635,0,0,0.00331344,0.004390959,0,0.004882721,0.00411538,0.003935528,0.005162672,0.005183696,0,0.004079816,0,0,0,0,0,0,0.004953072,0.004207857,0,0,0.004928922,0.004103467,0,0
1220,0.003936156,0.004075949,0,0.004024475,0,0,0.00097608,0.003911921,0,0.004521802,0.001186389,0.001067654,0.004500832,0.004211496,0,0.001022249,0,0,0.005694769,0,0,0,0.004637362,0.001315178,0.005696976,0,0.004234058,0.003775777,0.006047012,0.005084827
1224,0.001078778,0.00163931,0.002423509,0.001937479,0,0,0.008589733,0.001226375,0.005359054,0.001856781,0.010383244,0.010095803,0.002219564,0.001847906,0.00563394,0.010008242,0.00238976,0.003017601,0.004716939,0,0,0,0.001770012,0.010452936,0.004155236,0.005485959,0.002153556,0.001005212,0.004417662,0.003769122
1228,0.010348871,0.010700822,0.002160323,0.01173872,0,0,0.018887355,0.010554854,0.0042735,0.011817252,0.022873889,0.022477675,0.012434518,0.012394145,0.004231076,0.022375644,0.002193358,0.002602023,0.00238473,0,0,0,0.011974774,0.022108966,0.002317878,0.004134498,0.011860221,0.009933813,0.002532818,0.002046944
1232,0.022145487,0.022928019,0.000951755,0.025052655,0,0,0.030285616,0.022611732,0.002319533,0.024970943,0.036464296,0.036207669,0.025853798,0.025387295,0.002524255,0.035968555,0.001010571,0.001563019,0.01409384,0,0,0,0.025601468,0.035782414,0.013494827,0.002385012,0.024068144,0.021020621,0.014528285,0.012115368
1236,0.035737158,0.035968807,0.006226913,0.039777186,0,0,0.041825511,0.035265619,0.012885521,0.039350388,0.050298895,0.050262871,0.039726852,0.039875885,0.013674301,0.049972971,0.006218564,0.007748014,0.027921343,0,0,0,0.040012633,0.048838363,0.026769275,0.013221199,0.037953547,0.033738849,0.028730084,0.024578679
1240,0.04966341,0.049380119,0.014877645,0.053728091,0,0,0.051550252,0.048241205,0.025850163,0.052794965,0.061878266,0.062529775,0.053613899,0.053603995,0.032374094,0.062161556,0.01471882,0.017816978,0.048791002,0,0,0,0.054341702,0.060773641,0.041885372,0.031677967,0.051028467,0.046285966,0.049632669,0.037562091
1244,0.061218299,0.060540307,0.020648907,0.065318793,0,0,0.058521129,0.058984855,0.040019481,0.063999875,0.070373512,0.071189267,0.064663913,0.065167391,0.044822544,0.071160541,0.020382054,0.024492226,0.061363923,0,0,0,0.066368606,0.068694202,0.060922042,0.043985923,0.066832239,0.057382586,0.062152525,0.053977269
1248,0.069296343,0.067582684,0.023540698,0.077569047,0,0,0.06068585,0.066216066,0.058714149,0.071732158,0.073696245,0.074173385,0.076741811,0.07674331,0.05101965,0.074655769,0.023208268,0.027773759,0.065640104,0,0,0,0.073896896,0.07125253,0.070390783,0.050145066,0.072255955,0.064566841,0.06628965,0.06198952
1252,0.07547152,0.072546976,0.023553018,0.077463959,0,0,0.059991777,0.067495319,0.06812036,0.077571876,0.0695887,0.06979855,0.076522682,0.076143894,0.050965414,0.074518944,0.02319746,0.027661577,0.061619547,0,0,0,0.079752381,0.066618144,0.070291595,0.050155396,0.067299613,0.070240166,0.062044046,0.061598847
1256,0.068743768,0.065041898,0.020685867,0.06500353,0,0,0.056601817,0.065219758,0.068238112,0.069918767,0.071245186,0.071392233,0.064006526,0.063369143,0.044659834,0.070458163,0.020349631,0.024155679,0.049302251,0,0,0,0.071784813,0.067247167,0.060624478,0.044016914,0.051963216,0.063864515,0.049415712,0.052805247
1260,0.06017225,0.056499801,0.014939246,0.053341391,0,0,0.049167906,0.060679883,0.059067407,0.061115264,0.066878235,0.066511948,0.052243433,0.051522288,0.032102911,0.061510782,0.014664781,0.017256067,0.028688217,0,0,0,0.062514457,0.062846082,0.041389433,0.031729619,0.038705981,0.05581254,0.028404647,0.035608723
1264,0.048252562,0.04538313,0.006313153,0.039027116,0,0,0.039305846,0.052268386,0.040608243,0.049808241,0.05792397,0.057356235,0.039094342,0.037677852,0.013294645,0.049205516,0.006142909,0.00696274,0.014172553,0,0,0,0.050696117,0.053817467,0.026987149,0.013293512,0.025326476,0.044885462,0.014296356,0.022862585
1268,0.034980993,0.032412413,0.000933683,0.024501333,0,0,0.02853916,0.041726549,0.026407118,0.03623795,0.046464476,0.045798864,0.024899,0.023944764,0.002476385,0.03571767,0.000824799,0.000903523,0.002769414,0,0,0,0.036728489,0.042382483,0.013006138,0.002575877,0.0122268,0.032752513,0.002426292,0.010781978
1272,0.021497165,0.02015496,0.002083231,0.012016545,0,0,0.017743601,0.03001631,0.013236189,0.023151918,0.03335057,0.032882947,0.012423325,0.011276743,0.004406619,0.021960624,0.004541999,0.005111077,0.004336991,0,0,0,0.023306846,0.030523419,0.002277751,0.004334738,0.001950119,0.020178986,0.00440219,0.00179125
1276,0.010023347,0.009043177,0.005178768,0.002083178,0,0,0.008400747,0.018243709,0.002835444,0.011164481,0.020770474,0.020638768,0.001964346,0.001716469,0.005459772,0.010211729,0.004674805,0.005428586,0.006068134,0,0,0,0.01085281,0.018594735,0.004704254,0.005447232,0.003970977,0.009445796,0.005967105,0.003697197
1280,0.001453,0.002775216,0.002367874,0.004138005,0,0.003129016,0.001030509,0.008677766,0.009042152,0.001473017,0.009318619,0.009766742,0.003930679,0.004132444,0,0.001117046,0.000386842,0.000511321,0,0,0,0.004972787,0.001664549,0.008866791,0.00533611,0,0.005185942,0.001203135,0,0.004681856
1284,0.008367646,0.006908483,0.000257409,0.005148749,0.00797862,0.002849217,0.003009607,0.003060329,0.004430134,0.004127933,0.001126975,0.001434702,0.010591189,0.00482157,0,0.003839791,0.004948611,0.006433859,0,0,0.006227294,0.004074511,0.003860456,0.001031548,0,0,0,0.007351093,0,0.004365692
1288,0.008162885,0.002924036,0.006062016,0,0.007003079,0.000854056,0.007144376,0.006339837,0.012103321,0.009130203,0.003550431,0.00358004,0.00431334,0.004917706,0,0.008904944,0.012523929,0.014024831,0,0,0.005246443,0.001668361,0.004806692,0.007350855,0,0,0.005253197,0.007451361,0,0.003606562
1292,0.001476887,0.009160032,0.013334103,0.004798084,0.001745911,0.006868509,0.002877041,0.002145035,0.026646851,0.004223455,0.004192652,0.008580707,0.001984886,0.0042758,0,0.003952915,0.021020816,0.022892054,0.005858264,0,0.001833543,0.010497936,0.004438924,0.007127611,0.006073843,0.005256011,0.004130249,0.000919716,0.006172741,0.000920232
1296,0.010216395,0.019625429,0.022536895,0.003951967,0.016824039,0.015931502,0.001118235,0.009258572,0.041654218,0.001391862,0.004354992,0.003298664,0.011914371,0.001647882,0.00554978,0.001380284,0.030891446,0.033242423,0.00550501,0,0.013410876,0.022695829,0.003681319,0.001480931,0.005001773,0.004319272,0.002037531,0.009122534,0.005038975,0.009690432
1300,0.02156469,0.031149496,0.032292155,0.001744845,0.039843446,0.026366673,0.008128489,0.019384499,0.057334336,0.01039464,0.003423531,0.001670758,0.024572443,0.011418036,0.004573904,0.010417206,0.040677202,0.043413212,0.001326642,0.006326191,0.028803521,0.036972996,0.001792052,0.009121266,0.002012548,0.001412432,0.011585768,0.019076222,0.002206354,0.021328185
1304,0.033952191,0.043564205,0.041146701,0.010703988,0.063811302,0.03624818,0.016946411,0.031058521,0.075087854,0.021525256,0.001601085,0.010151348,0.039143932,0.023946409,0.001607556,0.021644864,0.048838189,0.051495493,0.012930355,0.005648662,0.046605513,0.052457041,0.010389211,0.019080611,0.013299673,0.011794086,0.024439626,0.030759538,0.013530531,0.034012491
1308,0.047412582,0.055198416,0.04792426,0.022775921,0.088761489,0.044512703,0.027066302,0.042530815,0.089363583,0.034391058,0.009880914,0.020462806,0.054781236,0.03762245,0.011840149,0.03485345,0.054086824,0.056299305,0.028620187,0.001312702,0.069438972,0.071255693,0.021246039,0.030796707,0.028191801,0.025002944,0.03869156,0.042785406,0.02837868,0.047227998
1312,0.060090965,0.065331018,0.050888871,0.036068919,0.114468777,0.049797388,0.036725729,0.053166687,0.100912251,0.049050826,0.020524197,0.031524667,0.072150831,0.05181366,0.025617044,0.048431742,0.054961813,0.056883894,0.049518106,0.013342433,0.090213455,0.086806933,0.033598055,0.042067782,0.045815165,0.040121316,0.053602186,0.054387431,0.045941668,0.060230086
1316,0.07121595,0.072937281,0.049949611,0.049862844,0.142906082,0.05085038,0.045462417,0.061768661,0.108942353,0.063354725,0.032964149,0.042504795,0.085854131,0.065558031,0.042152784,0.061443087,0.056347756,0.058333233,0.069542064,0.030994648,0.108302566,0.098532943,0.045553617,0.052556664,0.066789543,0.056162297,0.06793614,0.06458867,0.066936783,0.07192749
1320,0.08032351,0.077182365,0.050243757,0.063516761,0.165093679,0.047556823,0.051551059,0.067091922,0.12867584,0.082555957,0.044942577,0.052066147,0.095017384,0.07796706,0.061051363,0.072854118,0.056413123,0.058043741,0.088327372,0.052532105,0.124833757,0.107580757,0.056172982,0.060071372,0.085403736,0.072246088,0.080282093,0.072483921,0.085972431,0.083647743
1324,0.085257951,0.086176634,0.050309293,0.075439254,0.171874435,0.048247764,0.054450201,0.06808923,0.151760842,0.102342372,0.055014954,0.058781798,0.097680227,0.089264803,0.080051768,0.081125974,0.055086566,0.056114314,0.103636038,0.075147458,0.135151294,0.122162816,0.063778641,0.063668698,0.099949082,0.086439068,0.091160457,0.076301738,0.101091223,0.08823382
1328,0.094938826,0.093836272,0.050904876,0.085718085,0.18702977,0.050294285,0.053411543,0.073922842,0.17494216,0.118413934,0.062428898,0.061714432,0.104978083,0.092436459,0.099005403,0.08446934,0.058066278,0.057562511,0.112800182,0.095905147,0.150543407,0.13537322,0.067489912,0.062378227,0.10837471,0.098784875,0.093723781,0.082531546,0.109768286,0.094812854
1332,0.103188483,0.103828662,0.054285153,0.088109515,0.201515103,0.053594009,0.056583772,0.082712902,0.194232112,0.138050797,0.066539629,0.06034735,0.111825785,0.098582563,0.110056424,0.090654397,0.06361363,0.062688359,0.11373341,0.112163032,0.163315053,0.145221417,0.066618749,0.065593288,0.108819881,0.102022767,0.099800285,0.090661682,0.110292793,0.099527799
1336,0.112912258,0.115080417,0.061233938,0.093290552,0.213456632,0.058897152,0.062769067,0.089485048,0.205463825,0.159047835,0.066480438,0.064752047,0.117777861,0.103963173,0.111550205,0.09962493,0.072681408,0.071730522,0.118760543,0.120354227,0.170653908,0.150611878,0.07142717,0.071865055,0.114444367,0.107780598,0.104370271,0.100717057,0.116285921,0.1036653
1340,0.123820553,0.126865716,0.070289026,0.097514049,0.228033344,0.063129933,0.068860796,0.095967805,0.21169411,0.170036769,0.073815342,0.072767778,0.120784142,0.108468347,0.115959504,0.11041157,0.083709619,0.082791801,0.124203704,0.118878285,0.174261438,0.152224444,0.080419706,0.077343953,0.119817915,0.111705455,0.107735307,0.11087912,0.122106928,0.106802406
1344,0.135562516,0.139698629,0.080367742,0.101265342,0.231279635,0.06985466,0.074820196,0.102240067,0.214926024,0.172500442,0.080222269,0.080329768,0.128602067,0.112774142,0.118726622,0.122339789,0.095685279,0.094065477,0.132088464,0.123587837,0.175792374,0.152389213,0.088209741,0.083245908,0.127499115,0.115488842,0.111380699,0.122221549,0.130121178,0.109565242
1348,0.14842205,0.15224171,0.090877775,0.10565074,0.229933412,0.078906072,0.081259885,0.108112415,0.209220046,0.168745643,0.086630314,0.087332039,0.140889523,0.113443649,0.120545565,0.135647614,0.107739604,0.105489883,0.139350413,0.125369546,0.174469783,0.150142329,0.095887855,0.089939825,0.13384063,0.11862086,0.114845547,0.133480744,0.136759884,0.109949922
1352,0.161831655,0.165520178,0.102140939,0.110763578,0.229442058,0.090994505,0.087969862,0.111339211,0.209405359,0.16244524,0.093946885,0.094796272,0.15800532,0.120519225,0.123602387,0.154169176,0.119914216,0.117822978,0.14831632,0.12872131,0.176297081,0.154675943,0.104223713,0.097006486,0.141005851,0.122830054,0.120074008,0.14884596,0.144043785,0.120101513
1356,0.175238583,0.178193476,0.112941188,0.118370739,0.231546426,0.103930814,0.095143453,0.118638367,0.2160383,0.155227429,0.102048363,0.102682272,0.174363079,0.132748393,0.127989274,0.167473552,0.129852963,0.127895615,0.154012539,0.134667675,0.184142149,0.160302069,0.112363558,0.10494122,0.149097976,0.128066919,0.126626135,0.158934091,0.152290031,0.131553486
1360,0.188196155,0.189589667,0.121708952,0.125330473,0.22880827,0.117801583,0.102575415,0.13223579,0.230827555,0.15461814,0.110207425,0.111290504,0.190853981,0.153437528,0.134379451,0.176030751,0.137262487,0.135450937,0.15903875,0.142446133,0.20310959,0.168881576,0.1214105,0.113220039,0.154121088,0.134946818,0.134780934,0.164321733,0.157704403,0.144910196
1364,0.198320024,0.201464816,0.128463765,0.133276902,0.221739291,0.132333996,0.10991105,0.151809549,0.251108095,0.155848908,0.117720014,0.119346349,0.204986013,0.172105742,0.141468779,0.179043786,0.141901617,0.140757561,0.159811085,0.149575571,0.219045628,0.176599325,0.129797927,0.121280084,0.154738745,0.142359328,0.144086034,0.164153353,0.158565172,0.153284194
1368,0.20393508,0.203008306,0.127908798,0.140908031,0.219279186,0.139227593,0.116726945,0.167598796,0.262161141,0.157441709,0.124759128,0.126674962,0.217516772,0.182183191,0.148727916,0.175971673,0.14213104,0.141928356,0.159836927,0.15160513,0.230051663,0.181551156,0.137484066,0.128646339,0.154953226,0.149624918,0.148687662,0.157941229,0.158781069,0.157368978
1372,0.208469993,0.199308942,0.12326838,0.143481403,0.217936909,0.137464942,0.122837312,0.179668278,0.271094119,0.159723779,0.131088801,0.133222708,0.22134734,0.18588699,0.150530256,0.167173101,0.136529616,0.137060536,0.159319993,0.153147583,0.23493179,0.182565005,0.144386435,0.135226483,0.154871284,0.151464271,0.150634981,0.150112853,0.158820984,0.157346865
1376,0.205825458,0.18917224,0.112823581,0.142487042,0.216913334,0.127993446,0.127882058,0.182266861,0.274881724,0.162281363,0.136297353,0.138552256,0.216182173,0.182829844,0.148964015,0.156933356,0.124944633,0.126094351,0.157722194,0.151164483,0.231613457,0.177510754,0.150227069,0.140693947,0.15412108,0.149771775,0.149497035,0.139530114,0.15850261,0.152834597
1380,0.197169027,0.175383598,0.098923202,0.139411708,0.219494792,0.111541218,0.128648238,0.178713212,0.275914418,0.158272148,0.141000056,0.143387183,0.205778796,0.17447443,0.145561979,0.146083293,0.10992377,0.111148059,0.156891459,0.151032349,0.21918109,0.169653358,0.155782709,0.14153624,0.154271097,0.146073762,0.146459898,0.128754618,0.159233485,0.145605896
1384,0.185073387,0.160481475,0.08366892,0.135613077,0.218097602,0.094864104,0.12730512,0.170310328,0.275050371,0.153687192,0.141568968,0.143669434,0.194173738,0.162217949,0.141756902,0.136984414,0.093803042,0.0943285,0.160550828,0.148847035,0.208558788,0.157231812,0.156813377,0.140141372,0.15905229,0.141777815,0.142732333,0.120171714,0.164622277,0.137340375
1388,0.172005386,0.147063043,0.070209378,0.132372092,0.21900408,0.079813616,0.124840514,0.158297168,0.27284539,0.146684503,0.140797553,0.142592407,0.180806305,0.147586598,0.138822851,0.132508763,0.079621764,0.079371994,0.160713718,0.143655727,0.200361007,0.150215621,0.1563829,0.137589365,0.159593053,0.138060414,0.139556667,0.115849008,0.165574696,0.129191497
1392,0.161209054,0.138458983,0.061877516,0.131666176,0.225537129,0.070551324,0.12282123,0.144737563,0.279629129,0.147997206,0.14031221,0.141936519,0.169111295,0.141996313,0.138737783,0.136159149,0.070789698,0.07025644,0.16159084,0.14283197,0.206281038,0.15941937,0.155965139,0.135640922,0.160396785,0.136777531,0.138998118,0.118508919,0.166555524,0.131375154
1396,0.152958587,0.134806982,0.056884289,0.133283884,0.234380596,0.066434514,0.121228688,0.138551742,0.289971631,0.15586746,0.139994425,0.14181067,0.159397531,0.142000266,0.140491772,0.137719077,0.065457561,0.06629988,0.161914594,0.144648676,0.220667595,0.170586759,0.155705767,0.134460224,0.157984861,0.137390825,0.139954333,0.119301812,0.166450261,0.132346972
1400,0.148894691,0.137666183,0.060740719,0.135105284,0.243760406,0.068243817,0.121217416,0.140051649,0.303542644,0.169906081,0.140954916,0.143628852,0.151098021,0.149132488,0.144531211,0.141910672,0.069298543,0.067951903,0.159876025,0.149450955,0.24339408,0.186138478,0.157115711,0.135524151,0.157407369,0.140752454,0.142541395,0.122459733,0.163354532,0.135827515
1404,0.148406511,0.146258164,0.067849075,0.13872959,0.252303073,0.074056632,0.12099264,0.145545216,0.318284461,0.186331623,0.14151391,0.14535198,0.148442578,0.152866816,0.149071056,0.146717576,0.076462756,0.072993891,0.15801035,0.154679093,0.261884592,0.20332845,0.158093805,0.136679916,0.155923455,0.144792599,0.145012094,0.126228617,0.16001016,0.139651797
1408,0.151881562,0.150584415,0.073507515,0.141731624,0.25932925,0.078118029,0.118524212,0.146959114,0.324493574,0.206475657,0.139686366,0.146554258,0.15108917,0.15543685,0.153213391,0.151234671,0.081974808,0.076030523,0.159607817,0.158714218,0.278008237,0.220425609,0.158163379,0.137206359,0.157343649,0.148478688,0.146602058,0.129793052,0.160140286,0.142575634
1412,0.158680818,0.152924791,0.078136316,0.14276867,0.262454798,0.081233824,0.115876549,0.146341239,0.331257319,0.219632405,0.137642422,0.143578714,0.151219243,0.155643302,0.155196241,0.153744969,0.086390685,0.078171026,0.161010254,0.16544224,0.292602685,0.237915649,0.1537464,0.133760881,0.158084103,0.150201368,0.143851082,0.131648362,0.160047512,0.143314563
1416,0.155415925,0.149370242,0.080043601,0.138463153,0.256453917,0.083216387,0.111436043,0.140282668,0.337172402,0.22456129,0.133643565,0.139066224,0.150255127,0.15012466,0.151115873,0.150353436,0.088076102,0.077761115,0.160732346,0.170547074,0.294112678,0.245543926,0.148081862,0.128878748,0.156701686,0.146322871,0.140081071,0.128371069,0.158220308,0.138495259
1420,0.151533624,0.145046781,0.079281678,0.133306841,0.250377578,0.082674745,0.105207266,0.133871243,0.333641761,0.220625071,0.127542073,0.132757193,0.147029887,0.143682445,0.146414576,0.146379692,0.087494128,0.075187614,0.156939318,0.175632131,0.282164941,0.242606127,0.140942568,0.122196629,0.151656549,0.141728645,0.135088765,0.124645166,0.15307721,0.133016347
1424,0.146056369,0.139126836,0.076321154,0.126538189,0.243731539,0.079714822,0.096761011,0.126689653,0.321185173,0.204988763,0.118883506,0.124116688,0.140218975,0.135919724,0.140132603,0.141153984,0.083804113,0.072110618,0.153885754,0.175325843,0.266827622,0.22843213,0.131939487,0.1134099,0.147279237,0.135371927,0.128578655,0.119674102,0.148771255,0.12616682
1428,0.139134993,0.131819767,0.071718903,0.118008295,0.235337474,0.076443652,0.087326027,0.119086681,0.300470344,0.182859271,0.10870317,0.113549547,0.131604926,0.126700086,0.13248922,0.134659851,0.078705811,0.068829208,0.146796699,0.172830602,0.2423853,0.209476613,0.120871986,0.10267712,0.138413764,0.127525697,0.120293859,0.113191175,0.140401441,0.117631098
1432,0.13062013,0.122910582,0.065468435,0.1087075,0.222663101,0.073267869,0.077790947,0.111366706,0.270220178,0.162731714,0.097971149,0.102263712,0.121069008,0.117090375,0.123771659,0.126586397,0.072748872,0.065146565,0.137284846,0.167027975,0.216298878,0.18832014,0.109683396,0.092312261,0.126900609,0.118170172,0.111130672,0.105948839,0.130053294,0.108989459
1436,0.121227363,0.113208333,0.058861301,0.099205422,0.208357846,0.069041401,0.071585763,0.103757597,0.237499099,0.142244781,0.090959364,0.090965736,0.113105542,0.106917783,0.119374915,0.117278951,0.06516506,0.061415771,0.125347645,0.162115154,0.189066576,0.165200612,0.102397735,0.0824286,0.117014603,0.108311888,0.105777654,0.097688622,0.122420505,0.099021486
1440,0.112223449,0.104144919,0.056112607,0.094710474,0.196680329,0.066113568,0.062245355,0.097041723,0.204054509,0.123385229,0.079437571,0.084663726,0.097168719,0.102021903,0.107836362,0.108004237,0.061851193,0.057790876,0.116304051,0.157717033,0.162373379,0.142284086,0.090252421,0.078185627,0.10314755,0.103683654,0.094237244,0.089925362,0.105966446,0.094584549
1444,0.106574348,0.09858276,0.052609609,0.084707315,0.172717243,0.062991167,0.050436327,0.093715446,0.171446621,0.111000906,0.064527843,0.074022045,0.080197617,0.091152837,0.09113698,0.101771225,0.057884424,0.056773304,0.102905033,0.153537997,0.143156728,0.125880543,0.074536046,0.069684134,0.085433742,0.092818144,0.07830692,0.085323656,0.087861831,0.084595766
1448,0.094876792,0.087603199,0.051437955,0.071335406,0.141381376,0.062520615,0.037134398,0.084596512,0.14685588,0.098516401,0.047688867,0.060749443,0.06225561,0.076539799,0.071767055,0.089854802,0.056064942,0.052227955,0.086004777,0.153139953,0.121717071,0.107322414,0.057001462,0.058287552,0.066467205,0.078066111,0.060006311,0.075966669,0.068449945,0.071137775
1452,0.078113246,0.072056277,0.046940994,0.055266763,0.105259432,0.057542261,0.026083793,0.070635286,0.120752306,0.079556034,0.033302412,0.044972313,0.04413546,0.059061559,0.050604494,0.073283775,0.05077656,0.044780988,0.066861915,0.14107406,0.101763494,0.089947619,0.037941284,0.044148061,0.047146192,0.060286171,0.039853425,0.062592343,0.04867513,0.054971782
1456,0.057587324,0.053069356,0.040043406,0.037354988,0.067385311,0.049193213,0.01606469,0.052845338,0.098158212,0.060132495,0.020297168,0.031588835,0.02672062,0.039712193,0.028759577,0.053357001,0.043155239,0.035324816,0.0469472,0.120875247,0.07745085,0.068893692,0.02275082,0.031810071,0.028582948,0.040527669,0.023763371,0.046174697,0.029630079,0.036988517
1460,0.040007135,0.036976121,0.031372972,0.02293874,0.038547346,0.038672231,0.007569008,0.037082917,0.072812912,0.040686379,0.009411697,0.019583279,0.010766748,0.024164411,0.012744684,0.036676333,0.033902139,0.024855382,0.026859227,0.095645468,0.053850295,0.048335462,0.010329486,0.020180643,0.011424323,0.024707685,0.010671069,0.032286941,0.012038584,0.022703446
1464,0.024095649,0.02247825,0.022441823,0.010671783,0.01664361,0.027006955,0.000815663,0.022427662,0.049757907,0.021841762,0.001021242,0.009248886,0.000785779,0.011229391,0.001038452,0.02204188,0.023684453,0.015626389,0.011977134,0.068500905,0.032184504,0.029300348,0.001049666,0.009780739,0.00066088,0.011362141,0.001210238,0.0196178,0.0008064,0.010605234
1468,0.01079557,0.01028831,0.013659643,0.001196351,0.001139788,0.016486709,0.002936369,0.010034017,0.028997438,0.009120379,0.003717421,0.001211492,0.004687648,0.001323848,0.005369606,0.009957192,0.014421176,0.007419229,0.001193077,0.041350805,0.012245027,0.011564192,0.004490102,0.00123158,0.00504995,0.001450032,0.004400056,0.008802733,0.005221127,0.001312618
1472,0.000632693,0.00073987,0.005587519,0.004249091,0.008601699,0.007223095,0.003426025,0.000663022,0.010171227,1.69E-07,0.004335026,0.003581785,0.005334715,0.004395573,0.005999792,0.000667617,0.006296693,0.000628206,0.005136701,0.016291484,0.000253044,0.000520943,0.004747942,0.003501855,0.005602521,0.004606696,0.005122825,0.000859715,0.005843494,0.003790304
1476,0.004725916,0.004387665,0.000134632,0.004816933,0.007833279,5.36E-06,0,0.004329417,0.000426868,0.004531167,0,0.004192002,0,0.005189344,0,0.004346648,0.000161479,0.00291036,0.00565381,0.000181913,0.005930379,0.005465851,0,0.00426275,0,0.005244345,0,0.003793058,0,0.005035597
1480,0.004816543,0.004535655,0.002591514,0,0,0.002900692,0,0.004449933,0.005675618,0.004538166,0,0,0,0,0,0.004496654,0.002875881,0.003078696,0,0.013626299,0.006231681,0.005650285,0,0,0,0,0,0.003998004,0,0
1484,0,0,0.002499011,0,0,0.003170611,0,0,0.00548605,0,0,0,0,0,0,0,0.002577759,0,0,0.013549545,0,0,0,0,0,0,0,0,0,0
1488,0,0,0,0,0,0,0,0,0,0,0,0,0,0,0,0,0,0,0,0.001501381,0,0,0,0,0,0,0,0,0,0
1492,0,0,0,0,0,0.003206509,0,0,0.005382271,0,0,0,0,0,0,0,0,0,0,0.011197025,0,0,0,0,0,0,0,0,0,0
1496,0,0,0,0,0,0.0027303,0,0,0.006007568,0,0,0,0,0,0,0,0,0,0,0.029850357,0.006297746,0,0,0,0,0,0,0,0,0
1500,0,0,0,0,0,0.000363972,0,0,0.000983539,0,0,0,0,0,0,0,0,0,0,0.05375301,0.005352917,0,0,0,0,0,0,0,0,0
1504,0,0,0,0,0.009824754,0.00681466,0,0,0.010854152,0.004286838,0,0,0,0.004789634,0,0,0,0,0,0.081439169,0.000357192,0.005807159,0,0,0,0,0,0,0,0
1508,0,0,0,0,0.008579053,0.015026108,0,0,0.027375129,0.004593678,0,0,0,0.004029132,0,0,0,0,0,0.107469368,0.011297575,0.004900098,0,0,0,0,0,0,0,0
1512,0.004509612,0.004533496,0.002331679,0,0.000374659,0.025844249,0,0,0.045824302,0.000374229,0,0,0.006249119,0.000463485,0,0.0044013,0,0,0.005619167,0.138890203,0.030410292,0.000525826,0,0.003834874,0,0,0,0,0.005843709,0.004826326
1516,0.004314828,0.004332614,0.002016361,0.005398263,0.018166974,0.03731148,0,0,0.067262181,0.008083735,0,0,0.006348389,0.009245534,0.005506435,0.004315549,0,0.00253219,0.005577307,0.171112439,0.052047274,0.010583123,0,0.00357655,0.00629798,0,0.004913383,0.004303608,0.00566174,0.004925034
1520,0.000321417,0.000177579,0.000630095,0.005111271,0.048810894,0.049277229,0.004029488,0.004553201,0.087949638,0.022470939,0,0,0.000953516,0.02134506,0.005715503,0.0001685,0.002693489,0.002244341,0.000784466,0.199527202,0.075705624,0.027636531,0,0.000505197,0.006634923,0.005968193,0.004898551,0.003970478,0.000706453,0.000218973
1524,0.008515745,0.008259705,0.005109217,5.93E-05,0.082526697,0.058427096,0.004226375,0.004641788,0.115257216,0.038585802,0.004779139,0.004273143,0.012807944,0.038942734,0.000694838,0.008977556,0.002246718,0.000645914,0.011631191,0.232528253,0.097777136,0.047052348,0.00531674,0.00765757,0.000891293,0.005884785,2.61E-05,0.00014778,0.011807054,0.008966638
1528,0.021270457,0.022599579,0.011639942,0.011882802,0.118958793,0.068281059,0.000276974,0.000369594,0.147243072,0.057137224,0.004865417,0.004544111,0.029636516,0.057539213,0.012202893,0.021000509,0.000479624,0.005808446,0.027858736,0.264940079,0.124811964,0.065496894,0.005615216,0.017666081,0.012898825,0.000346986,0.009020566,0.007803976,0.028558577,0.024835455
1532,0.040121426,0.038838588,0.01869818,0.026811856,0.157428558,0.076308909,0.007692348,0.008337879,0.180805313,0.074710503,0.000162725,0.000205154,0.054005602,0.073821512,0.028541416,0.03841885,0.005878785,0.012150301,0.050948201,0.296546475,0.153921874,0.08987193,0.000462549,0.032286592,0.030129808,0.013125582,0.024707181,0.02130754,0.052553241,0.043125447
1536,0.059083136,0.053073201,0.025605008,0.045895396,0.192982453,0.087860723,0.020246347,0.022194927,0.223778971,0.096987502,0.009499315,0.007255752,0.078211618,0.09277442,0.04935047,0.055210574,0.013041356,0.01952767,0.073860681,0.32178433,0.179877128,0.116806432,0.010582012,0.046771565,0.05381068,0.029406078,0.038733369,0.035677253,0.076244243,0.059429347
1540,0.075858937,0.07314417,0.03238119,0.065511437,0.226539746,0.098975157,0.035126221,0.036380838,0.274032679,0.122897736,0.022278481,0.02086869,0.10315042,0.113733732,0.071172039,0.069324051,0.020837457,0.026651373,0.097571658,0.341366053,0.216069316,0.145301386,0.025330119,0.061740947,0.079152957,0.051469123,0.059377302,0.049281181,0.100780197,0.081855106
1544,0.098744358,0.098838309,0.038181475,0.081637585,0.26275208,0.111114534,0.051523235,0.059054057,0.328946545,0.151546563,0.040770158,0.038689894,0.130508852,0.136463808,0.094873145,0.090221817,0.030095078,0.037011576,0.123169528,0.357231385,0.257879588,0.175261982,0.043655558,0.074836769,0.108678336,0.075529543,0.088306832,0.069751304,0.127683012,0.110722272
1548,0.124824911,0.12734711,0.041792512,0.103894067,0.316143887,0.121659618,0.073360804,0.087765111,0.389057492,0.189190125,0.061038853,0.057205827,0.156874575,0.168827391,0.119114931,0.114675971,0.040133608,0.046746613,0.148243591,0.367561387,0.304445785,0.21564098,0.070468604,0.090990092,0.139721894,0.101001053,0.121985981,0.094924659,0.15417667,0.141362612
1552,0.149232804,0.15411614,0.041381027,0.12835212,0.367705763,0.128460536,0.096865357,0.117577221,0.444802499,0.229698893,0.085122668,0.07944799,0.175976433,0.20200732,0.140830407,0.137102186,0.047435476,0.052719199,0.168279729,0.377360782,0.351936311,0.255572572,0.101076392,0.106718682,0.167031792,0.12567946,0.154319138,0.120844689,0.175148373,0.168904055
1556,0.180967879,0.18795524,0.042498215,0.152809477,0.421925561,0.13079932,0.121093173,0.147592275,0.49803152,0.272342719,0.112718758,0.105293075,0.20208911,0.237454642,0.158656077,0.166823749,0.051915688,0.05376056,0.195459396,0.385954982,0.394977389,0.296241076,0.134848196,0.130335954,0.188912776,0.148672561,0.183460787,0.145805718,0.203354807,0.202654243
1560,0.21598822,0.224791841,0.044058684,0.188070023,0.483345313,0.130285229,0.144499613,0.176257266,0.549236302,0.317535251,0.142847236,0.133754894,0.233413647,0.275189403,0.18451931,0.20072705,0.051635824,0.057226888,0.226865971,0.396484364,0.437064065,0.339108422,0.170623776,0.158441258,0.220219664,0.168473458,0.219831403,0.178498587,0.235647759,0.239220927
1564,0.254674656,0.263351351,0.045538025,0.228393866,0.539745331,0.127156372,0.174346126,0.211631546,0.604309528,0.359539878,0.172737324,0.162521451,0.26702506,0.315145562,0.214704292,0.238050668,0.056439747,0.059292447,0.26399781,0.410903942,0.476514926,0.377535281,0.204826611,0.190639927,0.256491169,0.19690306,0.257896465,0.213681649,0.273565378,0.277293076
1568,0.29627721,0.304635136,0.047668001,0.274619962,0.594601028,0.126964071,0.207640324,0.249914261,0.660308956,0.400304686,0.211269599,0.199478353,0.305303289,0.352628645,0.251410868,0.278073632,0.063372427,0.063411112,0.303831908,0.431159091,0.521222208,0.412857187,0.246918811,0.22759254,0.295264396,0.230127148,0.296892479,0.251485192,0.314359377,0.317392354
1572,0.339217453,0.34124067,0.048442719,0.320201988,0.64370222,0.128235216,0.242514435,0.289255477,0.712673596,0.436250437,0.252867077,0.240150516,0.346859124,0.38649282,0.288532203,0.319631152,0.073126319,0.069064641,0.34665001,0.456690179,0.564496559,0.449820822,0.291013511,0.268090866,0.336699865,0.267806378,0.335217633,0.290280005,0.357956258,0.352426675
1576,0.377563815,0.373730844,0.052481078,0.365793899,0.68535857,0.131536004,0.278707798,0.329403249,0.759955369,0.4742238,0.296807747,0.283585136,0.385447964,0.423003302,0.32806112,0.357023559,0.084921636,0.076788064,0.386067139,0.487506152,0.605268356,0.484319737,0.336344974,0.307466278,0.380708273,0.305635795,0.367520766,0.324809938,0.397714829,0.382882956
1580,0.41133204,0.407920188,0.060223496,0.403971855,0.722301648,0.139129536,0.311616559,0.365444004,0.800405522,0.509436328,0.3387729,0.329005897,0.422775331,0.458333036,0.364272685,0.390957282,0.098931319,0.086662074,0.423140326,0.524275552,0.642678389,0.51602394,0.377971027,0.345077602,0.420792724,0.34426649,0.401899819,0.354858661,0.435135533,0.415314683
1584,0.447715309,0.440451143,0.070806465,0.434357274,0.758218649,0.14910625,0.341919037,0.404972104,0.833960473,0.541748217,0.379882798,0.371863231,0.458977542,0.49264645,0.398460029,0.429212253,0.114619671,0.101354166,0.457731252,0.567075411,0.676973175,0.545598415,0.417208664,0.379475538,0.45994825,0.378634522,0.435842198,0.386505083,0.470354747,0.446486216
1588,0.478320266,0.466880078,0.083165863,0.463472728,0.780592767,0.159604511,0.370059073,0.439251734,0.854280182,0.566018214,0.413242152,0.407473002,0.487550697,0.520434607,0.426282345,0.462597825,0.129985558,0.116145901,0.484595348,0.609116697,0.701422143,0.567045521,0.454054162,0.412508227,0.491565055,0.406738436,0.463018215,0.412397743,0.497533837,0.470484559
1592,0.500220009,0.484740399,0.096740613,0.484319869,0.783607066,0.16789239,0.390906918,0.464714556,0.858714161,0.579655011,0.441051531,0.438617291,0.504952662,0.538564693,0.445388744,0.487743082,0.142052131,0.127276113,0.500918679,0.644652523,0.712443612,0.577357435,0.482160399,0.438755451,0.512042294,0.426408237,0.480088781,0.429960239,0.513640511,0.485595341
1596,0.513605651,0.494465882,0.110161837,0.49696941,0.773946767,0.176668998,0.404862967,0.482102016,0.849974451,0.583672601,0.461338221,0.462614818,0.51350337,0.548366847,0.455905469,0.505453484,0.151996038,0.135956251,0.507821492,0.676768755,0.713087894,0.578846334,0.502140268,0.457895434,0.522848903,0.437634975,0.488805691,0.439712443,0.520111107,0.492492272
1600,0.518946045,0.496955451,0.123313816,0.501961505,0.757352764,0.186838266,0.412566359,0.49214696,0.83171766,0.579543426,0.474569438,0.479470457,0.51506225,0.551366794,0.458474307,0.516220458,0.159686343,0.144410119,0.506938115,0.706348477,0.706452587,0.57382996,0.514673756,0.470062018,0.526243752,0.441124388,0.490721421,0.442409932,0.518764849,0.492312932
1604,0.516645436,0.492532718,0.134749326,0.499668959,0.732410094,0.198825587,0.413686002,0.494310714,0.804760763,0.567945377,0.479987661,0.488418198,0.509197351,0.547507285,0.453602779,0.520007943,0.168731293,0.150953928,0.498417088,0.733049162,0.692590825,0.562490943,0.518676689,0.475362316,0.521888109,0.437273752,0.485429866,0.438346775,0.50946266,0.485242775
1608,0.508596485,0.482937701,0.144980205,0.492060664,0.701876373,0.213942091,0.409371949,0.489932903,0.773040738,0.551474951,0.478759052,0.490627862,0.497707162,0.53862024,0.443293821,0.518531778,0.177877516,0.159471818,0.484304587,0.758518653,0.67441323,0.547227677,0.515128114,0.47530645,0.51164646,0.427945324,0.474500617,0.429253054,0.494108804,0.473109518
1612,0.495535352,0.469027063,0.153237723,0.47994941,0.666335492,0.231059951,0.400045986,0.479534613,0.737469504,0.530936157,0.471294664,0.486393809,0.481761835,0.525194348,0.428408191,0.512198071,0.186994088,0.167862122,0.46555995,0.781106152,0.652365096,0.528537811,0.50488581,0.469982583,0.496416152,0.414038203,0.458819741,0.4160552,0.473820485,0.456741818
1616,0.480478824,0.453844894,0.163307008,0.466397209,0.629205961,0.249900578,0.387928251,0.465673095,0.702376688,0.509717482,0.459866469,0.477874029,0.464546184,0.509988676,0.412119154,0.503543003,0.196398212,0.175839735,0.445491075,0.801359879,0.629631086,0.509154545,0.490756303,0.461627457,0.47936681,0.398702321,0.441193134,0.401614594,0.452030454,0.43908839
1620,0.463330049,0.437239788,0.172731247,0.450774927,0.590680978,0.268610461,0.372798609,0.448317956,0.666931687,0.487341311,0.444507988,0.464771203,0.445924124,0.492656693,0.394171568,0.492014304,0.205410514,0.182918006,0.423978306,0.816696512,0.605373742,0.488756862,0.472868741,0.449669573,0.460590923,0.381645195,0.421655963,0.385714923,0.428743399,0.420034263
1624,0.446480479,0.421361388,0.181529894,0.434825295,0.554253216,0.28320064,0.356596731,0.429975641,0.633144463,0.465683903,0.427706935,0.449423056,0.428624247,0.475278804,0.376661505,0.479638163,0.212882286,0.189835778,0.403399667,0.827950922,0.58148917,0.469338825,0.453978692,0.435860444,0.442960062,0.364974587,0.402750055,0.370399218,0.406639684,0.401589512
1628,0.428463695,0.40511348,0.188578545,0.417499054,0.517480558,0.292771348,0.338498538,0.40963897,0.59943032,0.443417859,0.408441757,0.430914917,0.410904464,0.456794002,0.358371847,0.464954743,0.218502414,0.194904507,0.382327612,0.831359631,0.556179092,0.449314241,0.433007573,0.419112316,0.424733097,0.347456828,0.383225451,0.354469684,0.384186638,0.382591833
1632,0.409536345,0.387828821,0.193243381,0.399500293,0.477920939,0.295620464,0.319120274,0.387878309,0.565498011,0.42063666,0.387475966,0.410528525,0.392266488,0.436168449,0.339827764,0.448153062,0.220726855,0.194164779,0.361005634,0.825190953,0.528998808,0.428186233,0.410880835,0.400266828,0.405697456,0.329604497,0.363124783,0.33820018,0.361262358,0.363424527
1636,0.389435569,0.369230296,0.193610716,0.38023112,0.438525098,0.29285931,0.298840333,0.365324205,0.531591429,0.397216443,0.365250781,0.387804734,0.372581495,0.413834163,0.320386517,0.429113721,0.219474867,0.190213337,0.333721945,0.810116782,0.500660113,0.406310194,0.387747173,0.379404158,0.385791216,0.305672423,0.342274704,0.321249698,0.337931026,0.343743032
1640,0.369149159,0.350049438,0.190539789,0.360038424,0.403903466,0.286985212,0.281083536,0.343356354,0.498523199,0.373839969,0.343765598,0.364766353,0.353045654,0.391398861,0.300454536,0.409272535,0.215670427,0.18566372,0.313485199,0.789615278,0.472904511,0.385024611,0.365258535,0.357697979,0.366229205,0.287428478,0.322420066,0.304169277,0.315456758,0.324009116
1644,0.347715758,0.331895805,0.185376769,0.338440905,0.366173756,0.277777467,0.26046831,0.323200218,0.465216407,0.352401743,0.322038575,0.340840765,0.334393551,0.36772287,0.279157543,0.387770708,0.207838423,0.1805113,0.297483774,0.762392543,0.444399449,0.363032955,0.3422486,0.334747719,0.34542674,0.272718486,0.304394281,0.288402927,0.292252642,0.305727386
1648,0.327644243,0.308636025,0.178510383,0.317960004,0.334133255,0.265088196,0.237664993,0.299481118,0.433449023,0.326677388,0.302473634,0.318824839,0.310860216,0.344939751,0.253492086,0.364709706,0.199025557,0.174190863,0.285762962,0.730104978,0.417384694,0.342006933,0.321024335,0.313580014,0.324718042,0.262520454,0.282371361,0.268427133,0.264010788,0.283189933
1652,0.302743653,0.281309809,0.169461801,0.293300741,0.306105333,0.250645384,0.211774694,0.272576958,0.397804248,0.297551029,0.27906971,0.29285754,0.283311111,0.317680713,0.229648369,0.342285766,0.18858272,0.167396336,0.272026317,0.691095477,0.385337891,0.316513871,0.295716122,0.288580336,0.299274203,0.250029732,0.256924306,0.244932217,0.23836883,0.257242154
1656,0.27215001,0.249207891,0.160439536,0.26537374,0.278224097,0.234597845,0.186140821,0.241708955,0.358802431,0.263881775,0.250889342,0.262454432,0.251095006,0.286844562,0.20555748,0.314995962,0.178713757,0.155566972,0.255295573,0.646850701,0.349088318,0.286882928,0.265626728,0.260480264,0.26840643,0.233256511,0.227104803,0.217150471,0.213149599,0.22699344
1660,0.240074601,0.217037781,0.146846911,0.23327581,0.252822442,0.215469181,0.160281938,0.209900021,0.315184534,0.230579728,0.221677131,0.231358319,0.218623008,0.251647471,0.183863172,0.282043713,0.164985549,0.14077058,0.233505032,0.59718329,0.307405124,0.252286156,0.234607709,0.228404666,0.236540304,0.214922278,0.196400308,0.188423983,0.190703351,0.196812275
1664,0.205928484,0.184523741,0.130739965,0.201149136,0.235076611,0.196802952,0.135602282,0.178825055,0.27095208,0.197074781,0.190548035,0.198844758,0.185612246,0.215719212,0.162670513,0.247494246,0.147442598,0.122707223,0.208658933,0.546616043,0.265221459,0.216638342,0.201815802,0.195967332,0.20331762,0.193197344,0.166050431,0.160461862,0.168831262,0.166231285
1668,0.17183758,0.153450821,0.112309048,0.169141737,0.204996906,0.17299267,0.112226219,0.148357887,0.227612349,0.165120514,0.159633934,0.167268991,0.157566158,0.180824263,0.147725644,0.210908439,0.128100702,0.104830079,0.185917021,0.487653696,0.221854101,0.181102044,0.169499827,0.165003291,0.175033554,0.17396624,0.140310504,0.133399253,0.152591276,0.140952805
1672,0.143465338,0.124936101,0.093561485,0.143054045,0.165520373,0.1472254,0.094666962,0.124173174,0.185611816,0.135274059,0.129250945,0.137104865,0.125302778,0.146321871,0.126928443,0.174125085,0.106766035,0.081899244,0.152294279,0.419599364,0.18044524,0.146282962,0.138017033,0.135179397,0.141059023,0.144247561,0.111068776,0.111948765,0.130036326,0.11255961
1676,0.112926503,0.104130906,0.07733246,0.114135297,0.123629183,0.12123125,0.076968251,0.099050945,0.15391561,0.110500411,0.106030964,0.113690022,0.093645696,0.120422699,0.103043748,0.140271505,0.085961347,0.058572677,0.110887646,0.350793512,0.149017162,0.119962513,0.113974205,0.108449715,0.106338335,0.106608446,0.082482813,0.089407594,0.104713436,0.084699294
1680,0.084369406,0.084535018,0.059862736,0.086063717,0.083839307,0.100627197,0.061784605,0.076235919,0.12223953,0.096116408,0.083587046,0.090457276,0.066499971,0.095208814,0.078384039,0.115501931,0.069558765,0.038480556,0.078044385,0.285542683,0.118159744,0.094590396,0.090291948,0.0906451,0.07500016,0.076136297,0.058498029,0.068976392,0.079281361,0.060522821
1684,0.059997029,0.068182871,0.043930341,0.061495501,0.04473244,0.078439316,0.04529858,0.057584164,0.093491038,0.083109679,0.063731851,0.069438863,0.045186662,0.072785063,0.053768135,0.091100476,0.052173713,0.022765861,0.050547371,0.231877548,0.09040391,0.072120356,0.069087015,0.073949243,0.048749799,0.050267294,0.040208918,0.052425731,0.053906273,0.041875702
1688,0.041901799,0.050407535,0.030269705,0.04264996,0.018331154,0.056334667,0.030224766,0.038881795,0.070225698,0.066832379,0.048296762,0.052549427,0.025691458,0.055234555,0.029718517,0.069768687,0.038109128,0.011539413,0.0304145,0.178064341,0.068282484,0.054607321,0.052343351,0.060501574,0.029330791,0.031126991,0.023255684,0.035515436,0.028775342,0.024307391
1692,0.024258351,0.034069502,0.019708337,0.024837755,0.000363442,0.038262423,0.016570592,0.022774081,0.04766288,0.050380657,0.032310017,0.035111153,0.010557403,0.037759371,0.012701981,0.053226074,0.027220865,0.005296523,0.013249744,0.128581918,0.046423053,0.037338181,0.034983085,0.041673824,0.012255547,0.013589242,0.009958792,0.020756659,0.01180598,0.010338089
1696,0.009390516,0.01886529,0.012759677,0.010585829,0.009805702,0.023430209,0.007075023,0.008943119,0.02825523,0.033576189,0.017954726,0.019515346,0.000628713,0.022683211,0.000157413,0.036077984,0.020194582,0.000260908,0.001119175,0.087050738,0.027701959,0.022356333,0.019453022,0.028227434,0.000422543,0.000140031,0.000272019,0.007837436,0.000524995,0.000455337
1700,0.000502763,0.008440169,0.005381732,0.00031064,0.009129379,0.012346797,0.003605747,6.33E-05,0.011489994,0.016349929,0.003785179,0.004304758,0.005047151,0.004625285,0.005676105,0.016228572,0.012506257,0.002484621,0.006325914,0.055264738,0.011445011,0.009135272,0.008667682,0.018929698,0.005681201,0.005833023,0.004825388,0.000213931,0.005620312,0.004721777
1704,0.004946928,0.000260914,0.000232376,0.004947778,0,0.006314395,0.006076997,0.004305198,0.000617365,0.010576336,0.002801219,0.003025173,0.005356282,0.002908203,0.006200564,0.006258933,0.005376302,0.003042308,0.006583282,0.033730013,0.001096085,0.000546937,0.000273595,0.017280273,0.00608888,0.006485745,0.004755683,0.004011005,0.006029543,0.005002064
1708,0.005025307,0.003989737,0.002672187,0.005071141,0,1.63E-05,0.001780613,0.004693977,0.005147663,0.006638444,0.001277014,0.002355198,0,0.002960155,0,0.007134695,0.000635233,0,0,0.014971013,0.005430623,0.00402487,0.003791667,0.020478585,0,0,0,0.004106778,0,0
1712,0,0.004048454,0.002565506,0,0,0.002825497,0.009187998,0,0.006075139,0.004448351,0.010249839,0.008992976,0,0.009949197,0,0.009324142,0.00241568,0,0,0.000134244,0.005864525,0.004793822,0.004378459,0.026094231,0,0,0,0,0,0
1716,0,0,0,0,0,0.003123257,0.0212747,0,0,0.005881168,0.022984746,0.017941953,0,0.020045334,0,0.013804121,0.002630804,0,0,0.006978385,0,0,0,0.035596584,0,0,0,0,0,0
1720,0,0,0,0,0,0,0.029292036,0,0,0.010942804,0.028151802,0.020273276,0,0.022644877,0,0.020696548,0,0,0,0.007360485,0,0,0,0.05196614,0,0,0,0,0,0
1724,0,0,0,0,0,0,0.033240007,0,0,0.01032804,0.029836049,0.020261546,0,0.022627518,0,0.020676422,0,0,0,0,0,0,0,0.056158506,0,0,0,0,0,0
1728,0,0,0,0,0,0,0.033118614,0,0,0.008483747,0.028037486,0.017906763,0,0.019993258,0,0.018264794,0,0,0,0,0,0,0,0.052279658,0,0,0,0,0,0
1732,0,0,0,0,0,0,0.028927856,0,0,0.005409925,0.022756114,0.013208927,0,0.014742097,0,0.013461665,0,0,0,0,0,0,0,0.040329596,0,0,0,0,0,0
1736,0,0,0,0,0,0,0.020667732,0,0,0.001106576,0.013991933,0.006168037,0,0.006874034,0,0.006267036,0,0,0,0,0,0,0,0.030020425,0,0,0,0,0,0
1740,0,0,0,0,0,0,0.008338244,0,0,0.004426303,0.001744943,0.003215907,0,0.00361093,0,0.003319095,0,0,0,0,0,0,0,0.019129982,0,0,0,0,0,0
1744,0,0,0,0,0,0,0.001477743,0,0,0,0.003160115,0.004175268,0,0.004647932,0,0.004232247,0,0,0,0,0,0,0,0.009904299,0,0,0,0,0,0
1748,0,0,0,0,0,0,0.0027838,0,0,0,0.004076546,0,0,0,0,0,0,0,0,0,0,0,0,0.001830475,0,0,0,0,0,0
1752,0,0,0,0,0,0,0.003501091,0,0,0,0,0,0,0,0,0,0,0,0,0,0,0,0,0.003342854,0,0,0,0,0,0
1756,0,0,0,0,0,0,0,0,0,0,0,0,0,0,0,0,0,0,0,0,0,0,0,0.003994187,0,0,0,0,0,0
1760,0,0,0,0,0,0,0,0,0,0,0,0,0,0,0,0,0,0,0,0,0,0,0,0,0,0,0,0,0,0
1764,0,0,0,0,0,0,0,0,0,0,0,0,0,0,0,0,0,0,0,0,0,0,0,0,0,0,0,0,0,0
1768,0,0,0,0,0,0,0,0,0,0,0,0,0,0,0,0,0,0,0,0,0,0,0,0,0,0,0,0,0,0
1772,0,0,0,0,0,0,0,0,0,0,0,0,0,0,0,0,0,0,0,0,0,0,0,0,0,0,0,0,0,0
1776,0,0,0,0,0,0,0,0,0,0,0,0,0,0,0,0,0,0,0,0,0,0,0,0,0,0,0,0,0,0
1780,0,0,0,0,0,0,0,0,0,0,0,0,0,0,0,0,0,0,0,0,0,0,0,0,0,0,0,0,0,0
1784,0,0,0,0,0,0,0,0,0,0,0,0,0,0,0,0,0,0,0,0,0,0,0,0,0,0,0,0,0,0
1788,0,0,0,0,0,0,0,0,0,0,0,0,0,0,0,0,0,0,0,0,0,0,0,0,0,0,0,0,0,0
1792,0,0,0,0,0,0,0,0,0,0,0,0,0,0,0,0,0,0,0,0,0,0,0,0,0,0,0,0,0,0
1796,0,0,0,0,0,0,0,0,0,0,0,0,0,0,0,0,0,0,0,0,0,0,0,0,0,0,0,0,0,0
1800,0,0,0,0,0,0,0,0,0,0,0,0,0,0,0,0,0,0,0,0,0,0,0,0,0,0,0,0,0,0
