wavenumber,intensity
600.2353,0.1570944
600.7174,0.1569345
601.1995,0.1568317
601.6816,0.156791
602.1638,0.1567898
602.6459,0.1567888
603.128,0.1567552
603.6101,0.1566779
604.0922,0.1565695
604.5743,0.1564552
605.0565,0.1563543
605.5386,0.156267
606.0207,0.1561733
606.5028,0.1560442
606.9849,0.1558604
607.467,0.1556248
607.9492,0.1553628
608.4313,0.1551088
608.9134,0.1548864
609.3955,0.1546982
609.8776,0.1545247
610.3597,0.1543401
610.8419,0.1541281
611.324,0.1538961
611.8061,0.1536719
612.2882,0.1534913
612.7703,0.1533752
613.2524,0.1533177
613.7346,0.1532854
614.2167,0.1532346
614.6988,0.1531302
615.1809,0.1529619
615.663,0.1527467
616.1451,0.1525184
616.6273,0.1523074
617.1094,0.1521239
617.5915,0.1519542
618.0736,0.1517704
618.5557,0.15155
619.0378,0.1512885
619.52,0.1510049
620.0021,0.1507289
620.4842,0.1504883
620.9663,0.1502923
621.4484,0.1501304
621.9305,0.1499796
622.4127,0.1498203
622.8948,0.1496463
623.3769,0.1494664
623.859,0.1492961
624.3411,0.1491446
624.8232,0.1490065
625.3054,0.148863
625.7875,0.1486917
626.2696,0.148481
626.7517,0.1482379
627.2338,0.1479857
627.7159,0.1477509
628.1981,0.1475469
628.6802,0.1473685
629.1623,0.1471931
629.6444,0.1469963
630.1265,0.1467653
630.6086,0.1465091
631.0908,0.1462544
631.5729,0.1460333
632.055,0.1458642
632.5371,0.1457423
633.0192,0.1456402
633.5013,0.145524
633.9835,0.1453677
634.4656,0.1451667
634.9477,0.1449366
635.4298,0.1447023
635.9119,0.1444813
636.394,0.1442726
636.8762,0.1440579
637.3583,0.1438131
637.8404,0.1435257
638.3225,0.1432023
638.8046,0.1428684
639.2867,0.1425538
639.7689,0.1422797
640.251,0.1420466
640.7331,0.1418363
641.2152,0.1416226
641.6973,0.1413881
642.1794,0.1411336
642.6616,0.1408763
643.1437,0.1406375
643.6258,0.1404284
644.1079,0.1402406
644.59,0.1400497
645.0721,0.139827
645.5543,0.1395564
646.0364,0.1392443
646.5185,0.1389176
647.0006,0.1386103
647.4827,0.1383447
647.9648,0.1381224
648.447,0.1379233
648.9291,0.1377196
649.4112,0.1374899
649.8933,0.1372333
650.3754,0.1369681
650.8575,0.1367216
651.3397,0.136512
651.8218,0.1363379
652.3039,0.1361777
652.786,0.1360021
653.2681,0.1357884
653.7502,0.1355325
654.2324,0.1352494
654.7145,0.1349636
655.1966,0.1346951
655.6787,0.1344479
656.1608,0.1342107
656.6429,0.1339653
657.1251,0.1337017
657.6072,0.133425
658.0893,0.1331556
658.5714,0.1329174
659.0535,0.1327264
659.5356,0.1325797
660.0178,0.1324577
660.4999,0.1323326
660.982,0.1321847
661.4641,0.1320092
661.9462,0.1318159
662.4283,0.1316185
662.9105,0.131425
663.3926,0.1312307
663.8747,0.1310232
664.3568,0.1307907
664.8389,0.130533
665.321,0.1302608
665.8032,0.1299946
666.2853,0.1297541
666.7674,0.129545
667.2495,0.1293571
667.7316,0.1291643
668.2137,0.128951
668.6959,0.1287184
669.178,0.1284719
669.6601,0.1282115
670.1422,0.1279527
670.6243,0.1277204
671.1064,0.1275289
671.5886,0.1273725
672.0707,0.1272299
672.5528,0.1270773
673.0349,0.126901
673.517,0.1267028
673.9991,0.1264958
674.4813,0.1262928
674.9634,0.1260955
675.4455,0.1258914
675.9276,0.1256611
676.4097,0.1253914
676.8918,0.1250858
677.374,0.1247668
677.8561,0.1244663
678.3382,0.1242137
678.8203,0.1240211
679.3024,0.1238807
679.7845,0.1237695
680.2667,0.123662
680.7488,0.1235406
681.2309,0.1234005
681.713,0.123247
682.1951,0.1230875
682.6772,0.1229244
683.1594,0.1227531
683.6415,0.1225667
684.1236,0.1223632
684.6057,0.12215
685.0878,0.1219421
685.5699,0.121754
686.0521,0.1215905
686.5342,0.1214427
687.0163,0.1212911
687.4984,0.1211173
687.9805,0.1209135
688.4626,0.1206908
688.9448,0.1204741
689.4269,0.1202914
689.909,0.1201568
690.3911,0.1200633
690.8732,0.1199832
691.3553,0.1198829
691.8375,0.1197359
692.3196,0.1195363
692.8017,0.1192994
693.2838,0.119055
693.7659,0.1188311
694.248,0.1186415
694.7302,0.1184826
695.2123,0.1183376
695.6944,0.1181892
696.1765,0.118028
696.6586,0.1178578
697.1407,0.1176901
697.6229,0.1175361
698.105,0.1173969
698.5871,0.1172623
699.0692,0.1171148
699.5513,0.1169403
700.0334,0.116735
700.5156,0.1165085
700.9977,0.1162778
701.4798,0.1160595
701.9619,0.1158609
702.444,0.1156784
702.9261,0.1154999
703.4083,0.1153132
703.8904,0.1151129
704.3725,0.1149014
704.8546,0.1146861
705.3367,0.1144723
705.8188,0.114259
706.301,0.1140385
706.7831,0.1138018
707.2652,0.1135454
707.7473,0.1132758
708.2294,0.113009
708.7115,0.1127641
709.1937,0.1125535
709.6758,0.1123783
710.1579,0.1122271
710.64,0.1120829
711.1221,0.11193
711.6042,0.111761
712.0864,0.1115791
712.5685,0.1113934
713.0506,0.111213
713.5327,0.1110408
714.0148,0.1108736
714.4969,0.1107046
714.9791,0.1105298
715.4612,0.1103504
715.9433,0.1101727
716.4254,0.1100029
716.9075,0.1098421
717.3896,0.1096835
717.8718,0.1095144
718.3539,0.1093216
718.836,0.1090999
719.3181,0.1088548
719.8002,0.1086005
720.2823,0.1083518
720.7645,0.1081166
721.2466,0.10789
721.7287,0.1076585
722.2108,0.1074072
722.6929,0.1071283
723.175,0.1068256
723.6572,0.1065122
724.1393,0.1062032
724.6214,0.1059074
725.1035,0.1056235
725.5856,0.1053417
726.0677,0.1050506
726.5499,0.1047442
727.032,0.1044269
727.5141,0.1041111
727.9962,0.1038113
728.4783,0.1035348
728.9604,0.1032781
729.4426,0.1030283
729.9247,0.1027711
730.4068,0.1024985
730.8889,0.1022142
731.371,0.1019315
731.8531,0.1016672
732.3353,0.1014322
732.8174,0.1012259
733.2995,0.1010362
733.7816,0.1008461
734.2637,0.1006425
734.7458,0.1004206
735.228,0.1001859
735.7101,0.09994821
736.1922,0.0997158
736.6743,0.09948975
737.1564,0.09926443
737.6385,0.09903197
738.1207,0.09878875
738.6028,0.09853918
739.0849,0.09829463
739.567,0.09806712
740.0491,0.09786352
740.5313,0.0976809
741.0134,0.09750851
741.4955,0.09733267
741.9776,0.09714463
742.4597,0.09694488
742.9418,0.09674218
743.424,0.09654749
743.9061,0.09636661
744.3882,0.09619582
744.8703,0.0960229
745.3524,0.09583333
745.8345,0.09561729
746.3167,0.09537577
746.7988,0.09512007
747.2809,0.09486713
747.763,0.09463079
748.2451,0.09441753
748.7272,0.09422529
749.2094,0.0940474
749.6915,0.09387804
750.1736,0.09371664
750.6557,0.09356765
751.1378,0.09343687
751.6199,0.09332586
752.1021,0.09322923
752.5842,0.09313504
753.0663,0.09303041
753.5484,0.09290774
754.0305,0.09276803
754.5126,0.09262015
754.9948,0.09247582
755.4769,0.09234348
755.959,0.09222352
756.4411,0.09210896
756.9232,0.09198949
757.4053,0.09185797
757.8875,0.09171374
758.3696,0.0915628
758.8517,0.09141301
759.3338,0.09126956
759.8159,0.09113145
760.298,0.09099143
760.7802,0.09084506
761.2623,0.09069148
761.7444,0.09053661
762.2265,0.09039183
762.7086,0.09026786
763.1907,0.09016886
763.6729,0.09008925
764.155,0.09001558
764.6371,0.08993249
765.1192,0.08982927
765.6013,0.08970553
766.0834,0.08957075
766.5656,0.08943979
767.0477,0.08932468
767.5298,0.08923031
768.0119,0.08915248
768.494,0.08908182
768.9761,0.08900847
769.4583,0.08892752
769.9404,0.08884019
770.4225,0.08875144
770.9046,0.08866533
771.3867,0.08858145
771.8688,0.08849415
772.351,0.08839532
772.8331,0.08827882
773.3152,0.08814321
773.7973,0.08799238
774.2794,0.08783255
774.7615,0.08766875
775.2437,0.08750178
775.7258,0.08732888
776.2079,0.08714682
776.69,0.08695591
777.1721,0.08676209
777.6542,0.08657613
778.1364,0.08640812
778.6185,0.08626339
779.1006,0.08613866
779.5827,0.08602342
780.0648,0.08590304
780.5469,0.08576529
781.0291,0.08560485
781.5112,0.08542366
781.9933,0.08522856
782.4754,0.08502669
782.9575,0.0848222
783.4396,0.08461528
783.9218,0.08440447
784.4039,0.08419024
784.886,0.08397722
785.3681,0.08377407
785.8502,0.08359058
786.3323,0.08343284
786.8145,0.08330088
787.2966,0.08318813
787.7787,0.08308462
788.2608,0.08297998
788.7429,0.08286727
789.225,0.08274398
789.7072,0.08261024
790.1893,0.08246651
790.6714,0.08231189
791.1535,0.08214443
791.6356,0.08196336
792.1177,0.08177156
792.5999,0.08157673
793.082,0.08138929
793.5641,0.08121902
794.0462,0.08107169
794.5283,0.08094671
795.0104,0.08083828
795.4926,0.08073834
795.9747,0.0806409
796.4568,0.08054338
796.9389,0.08044658
797.421,0.08035178
797.9031,0.08025807
798.3853,0.08016106
798.8674,0.08005482
799.3495,0.0799347
799.8316,0.07980099
800.3137,0.07965937
800.7958,0.07951947
801.278,0.07938937
801.7601,0.07927177
802.2422,0.07916208
802.7243,0.07905081
803.2064,0.07892788
803.6885,0.07878751
804.1707,0.07863107
804.6528,0.07846587
805.1349,0.078301
805.617,0.07814174
806.0991,0.07798716
806.5812,0.07783026
807.0634,0.0776621
807.5455,0.07747576
808.0276,0.07727025
808.5097,0.07705029
808.9918,0.07682427
809.4739,0.07660004
809.9561,0.07638221
810.4382,0.0761722
810.9203,0.07596964
811.4024,0.07577492
811.8845,0.07559017
812.3666,0.07541843
812.8488,0.07526131
813.3309,0.07511646
813.813,0.0749772
814.2951,0.07483363
814.7772,0.07467584
815.2593,0.07449788
815.7415,0.07429857
816.2236,0.07408118
816.7057,0.0738501
817.1878,0.07360861
817.6699,0.07335726
818.152,0.07309502
818.6342,0.07282177
819.1163,0.07254063
819.5984,0.07225812
820.0805,0.07198291
820.5626,0.07172166
821.0447,0.07147651
821.5269,0.07124394
822.009,0.07101682
822.4911,0.0707876
822.9732,0.07055159
823.4553,0.07030898
823.9374,0.07006389
824.4196,0.06982195
824.9017,0.06958728
825.3838,0.06936145
825.8659,0.06914385
826.348,0.06893311
826.8301,0.06872874
827.3123,0.06853135
827.7944,0.06834148
828.2765,0.06815785
828.7586,0.06797639
829.2407,0.06779118
829.7228,0.06759626
830.205,0.06738892
830.6871,0.06717116
831.1692,0.06694923
831.6513,0.06673051
832.1334,0.06652047
832.6155,0.06632016
833.0977,0.06612638
833.5798,0.06593392
834.0619,0.06573906
834.544,0.06554211
835.0261,0.06534751
835.5082,0.06516157
835.9904,0.06498848
836.4725,0.06482811
836.9546,0.06467539
837.4367,0.06452297
837.9188,0.06436409
838.4009,0.06419616
838.8831,0.06402136
839.3652,0.06384513
839.8473,0.06367262
840.3294,0.06350613
840.8115,0.06334398
841.2936,0.06318204
841.7758,0.06301616
842.2579,0.06284443
842.74,0.06266779
843.2221,0.0624885
843.7042,0.06230754
844.1863,0.06212309
844.6685,0.06193056
845.1506,0.0617255
845.6327,0.06150689
846.1148,0.06127972
846.5969,0.06105483
847.079,0.06084501
847.5612,0.06066152
848.0433,0.06050882
848.5254,0.06038336
849.0075,0.06027474
849.4896,0.06017038
849.9717,0.06005982
850.4539,0.05993757
850.936,0.05980434
851.4181,0.05966513
851.9002,0.05952658
852.3823,0.05939388
852.8644,0.05927014
853.3466,0.05915617
853.8287,0.05905131
854.3108,0.05895404
854.7929,0.05886212
855.275,0.05877263
855.7571,0.05868194
856.2393,0.0585869
856.7214,0.05848652
857.2035,0.05838335
857.6856,0.05828366
858.1677,0.05819566
858.6498,0.05812708
859.132,0.05808125
859.6141,0.05805564
860.0962,0.05804193
860.5783,0.05802964
861.0604,0.0580093
861.5425,0.05797607
862.0247,0.05793118
862.5068,0.05788067
862.9889,0.05783233
863.471,0.05779186
863.9531,0.05776147
864.4352,0.05773951
864.9174,0.05772261
865.3995,0.0577078
865.8816,0.05769458
866.3637,0.057685
866.8458,0.05768264
867.3279,0.05769052
867.8101,0.05770967
868.2922,0.05773874
868.7743,0.0577747
869.2564,0.05781398
869.7385,0.05785341
870.2206,0.05789093
870.7028,0.05792508
871.1849,0.05795446
871.667,0.05797754
872.1491,0.05799267
872.6312,0.05799862
873.1133,0.05799515
873.5955,0.05798309
874.0776,0.05796409
874.5597,0.05794005
875.0418,0.05791301
875.5239,0.0578851
876.006,0.05785878
876.4882,0.0578371
876.9703,0.05782294
877.4524,0.05781795
877.9345,0.05782147
878.4166,0.05783027
878.8987,0.0578394
879.3809,0.05784415
879.863,0.05784274
880.3451,0.05783754
880.8272,0.05783505
881.3093,0.0578429
881.7914,0.05786731
882.2736,0.05790976
882.7557,0.05796651
883.2378,0.05802976
883.7199,0.05809141
884.202,0.05814674
884.6841,0.05819623
885.1663,0.05824533
885.6484,0.05830154
886.1305,0.05837147
886.6126,0.05845764
887.0947,0.05855821
887.5768,0.05866842
888.059,0.05878362
888.5411,0.05890153
889.0232,0.05902296
889.5053,0.05915084
889.9874,0.05928805
890.4695,0.05943538
890.9517,0.05959085
891.4338,0.05975037
891.9159,0.05990948
892.398,0.06006503
892.8801,0.06021519
893.3622,0.06035874
893.8444,0.06049351
894.3265,0.06061544
894.8086,0.06071921
895.2907,0.06080045
895.7728,0.06085785
896.2549,0.06089489
896.7371,0.06091912
897.2192,0.06093993
897.7013,0.06096404
898.1834,0.06099309
898.6655,0.0610225
899.1476,0.06104384
899.6298,0.06104752
900.1119,0.06102659
900.594,0.06097898
901.0761,0.06090689
901.5582,0.06081505
902.0403,0.06070783
902.5225,0.06058839
903.0046,0.06045835
903.4867,0.06031925
903.9688,0.06017383
904.4509,0.06002637
904.933,0.05988149
905.4152,0.05974288
905.8973,0.0596116
906.3794,0.05948631
906.8615,0.05936453
907.3436,0.05924487
907.8257,0.05912841
908.3079,0.05901902
908.79,0.05892134
909.2721,0.05883905
909.7542,0.05877297
910.2363,0.058721
910.7184,0.05867945
911.2006,0.05864533
911.6827,0.05861806
912.1648,0.0585996
912.6469,0.05859295
913.129,0.05859977
913.6111,0.05861869
914.0933,0.0586451
914.5754,0.05867292
915.0575,0.05869676
915.5396,0.0587146
916.0217,0.05872831
916.5038,0.0587427
916.986,0.05876282
917.4681,0.05879203
917.9502,0.05883096
918.4323,0.05887827
918.9144,0.05893245
919.3965,0.05899368
919.8787,0.05906423
920.3608,0.05914761
920.8429,0.05924625
921.325,0.05935959
921.8071,0.05948313
922.2892,0.05960963
922.7714,0.05973165
923.2535,0.05984357
923.7356,0.05994363
924.2177,0.06003368
924.6998,0.06011789
925.1819,0.0602005
925.6641,0.06028462
926.1462,0.06037221
926.6283,0.06046458
927.1104,0.06056366
927.5925,0.06067228
928.0746,0.06079351
928.5568,0.06092969
929.0389,0.06108118
929.521,0.06124638
930.0031,0.06142253
930.4852,0.06160749
930.9673,0.06180111
931.4495,0.06200558
931.9316,0.0622244
932.4137,0.06246027
932.8958,0.06271377
933.3779,0.06298245
933.86,0.06326175
934.3422,0.06354654
934.8243,0.06383342
935.3064,0.06412163
935.7885,0.06441294
936.2706,0.06471019
936.7527,0.0650162
937.2349,0.06533258
937.717,0.06566024
938.1991,0.066
938.6812,0.06635341
939.1633,0.06672239
939.6454,0.06710828
940.1276,0.06751014
940.6097,0.06792405
941.0918,0.06834314
941.5739,0.06876012
942.056,0.06916998
942.5381,0.0695724
943.0203,0.06997218
943.5024,0.07037753
943.9845,0.07079741
944.4666,0.07123756
944.9487,0.07169922
945.4308,0.07217934
945.913,0.07267293
946.3951,0.07317545
946.8772,0.07368412
947.3593,0.0741985
947.8414,0.0747185
948.3235,0.07524273
948.8057,0.07576816
949.2878,0.07629094
949.7699,0.07680904
950.252,0.07732423
950.7341,0.07784268
951.2162,0.07837274
951.6984,0.07892062
952.1805,0.07948772
952.6626,0.08006849
953.1447,0.08065234
953.6268,0.08122709
954.1089,0.08178482
954.5911,0.08232435
955.0732,0.08285152
955.5553,0.08337541
956.0374,0.08390451
956.5195,0.08444259
957.0016,0.08498849
957.4838,0.08553791
957.9659,0.0860873
958.448,0.08663673
958.9301,0.08719036
959.4122,0.08775411
959.8943,0.08833181
960.3765,0.08892274
960.8586,0.0895213
961.3407,0.09011944
961.8228,0.09071052
962.3049,0.09129275
962.787,0.09186943
963.2692,0.09244716
963.7513,0.09303157
964.2334,0.0936247
964.7155,0.0942242
965.1976,0.09482564
965.6797,0.09542563
966.1619,0.09602425
966.644,0.09662559
967.1261,0.09723525
967.6082,0.09785669
968.0903,0.09848891
968.5724,0.09912655
969.0546,0.09976296
969.5367,0.1003944
970.0188,0.1010222
970.5009,0.1016531
970.983,0.1022942
971.4651,0.1029507
971.9473,0.103621
972.4294,0.1042982
972.9115,0.1049725
973.3936,0.1056374
973.8757,0.1062922
974.3578,0.1069426
974.84,0.1075955
975.3221,0.1082554
975.8042,0.1089186
976.2863,0.1095758
976.7684,0.1102141
977.2505,0.1108239
977.7327,0.1114037
978.2148,0.1119604
978.6969,0.1125054
979.179,0.1130481
979.6611,0.1135921
980.1432,0.1141332
980.6254,0.114663
981.1075,0.1151743
981.5896,0.1156661
982.0717,0.1161439
982.5538,0.1166169
983.0359,0.1170923
983.5181,0.1175707
984.0002,0.1180461
984.4823,0.1185098
984.9644,0.1189553
985.4465,0.1193832
985.9286,0.1198014
986.4108,0.1202213
986.8929,0.120652
987.375,0.1210953
987.8571,0.1215452
988.3392,0.121992
988.8214,0.1224287
989.3035,0.1228547
989.7856,0.123277
990.2677,0.1237057
990.7498,0.1241493
991.2319,0.1246094
991.7141,0.125081
992.1962,0.1255568
992.6783,0.1260328
993.1604,0.1265129
993.6425,0.127008
994.1246,0.1275305
994.6068,0.1280878
995.0889,0.1286776
995.571,0.1292883
996.0531,0.1299041
996.5352,0.1305137
997.0173,0.1311163
997.4995,0.1317219
997.9816,0.1323464
998.4637,0.1330026
998.9458,0.1336954
999.4279,0.1344188
999.91,0.1351616
1000.392,0.1359133
1000.874,0.1366715
1001.356,0.1374425
1001.839,0.1382369
1002.321,0.139062
1002.803,0.1399164
1003.285,0.1407889
1003.767,0.1416652
1004.249,0.1425345
1004.731,0.1433969
1005.213,0.1442626
1005.695,0.1451474
1006.178,0.1460624
1006.66,0.1470068
1007.142,0.1479665
1007.624,0.1489211
1008.106,0.149854
1008.588,0.1507603
1009.07,0.1516498
1009.552,0.1525406
1010.034,0.1534501
1010.517,0.1543851
1010.999,0.1553392
1011.481,0.1562967
1011.963,0.1572434
1012.445,0.1581729
1012.927,0.1590909
1013.409,0.160009
1013.891,0.1609371
1014.374,0.1618754
1014.856,0.1628131
1015.338,0.1637343
1015.82,0.1646281
1016.302,0.1654961
1016.784,0.1663534
1017.266,0.1672208
1017.748,0.168113
1018.23,0.1690307
1018.713,0.1699589
1019.195,0.1708755
1019.677,0.171762
1020.159,0.1726153
1020.641,0.173448
1021.123,0.1742822
1021.605,0.1751346
1022.087,0.1760085
1022.57,0.1768904
1023.052,0.1777601
1023.534,0.1786012
1024.016,0.1794133
1024.498,0.1802121
1024.98,0.181023
1025.462,0.1818654
1025.944,0.1827411
1026.427,0.1836318
1026.909,0.1845071
1027.391,0.1853391
1027.873,0.1861121
1028.355,0.1868284
1028.837,0.1875006
1029.319,0.1881406
1029.801,0.1887501
1030.283,0.1893203
1030.766,0.1898414
1031.248,0.1903168
1031.73,0.190773
1032.212,0.1912589
1032.694,0.1918249
1033.176,0.1925053
1033.658,0.193295
1034.14,0.19415
1034.622,0.1950003
1035.104,0.1957798
1035.587,0.1964494
1036.069,0.1970016
1036.551,0.1974542
1037.033,0.1978311
1037.515,0.198146
1037.997,0.1983933
1038.479,0.1985543
1038.961,0.1986092
1039.444,0.1985524
1039.926,0.1983974
1040.408,0.1981706
1040.89,0.1978954
1041.372,0.197581
1041.854,0.1972172
1042.336,0.196783
1042.818,0.1962592
1043.301,0.1956434
1043.783,0.194952
1044.265,0.1942142
1044.747,0.193455
1045.229,0.1926824
1045.711,0.1918843
1046.193,0.1910362
1046.675,0.1901169
1047.157,0.189121
1047.64,0.1880634
1048.122,0.1869718
1048.604,0.1858745
1049.086,0.1847844
1049.568,0.1836979
1050.05,0.182601
1050.532,0.1814829
1051.014,0.1803465
1051.497,0.1792117
1051.979,0.1781052
1052.461,0.1770496
1052.943,0.17605
1053.425,0.1750939
1053.907,0.1741567
1054.389,0.1732189
1054.871,0.1722772
1055.354,0.1713482
1055.836,0.1704597
1056.318,0.1696369
1056.8,0.1688905
1057.282,0.1682116
1057.764,0.1675784
1058.246,0.1669684
1058.728,0.166372
1059.21,0.1657958
1059.693,0.1652589
1060.175,0.164779
1060.657,0.1643635
1061.139,0.1640031
1061.621,0.1636786
1062.103,0.1633698
1062.585,0.163067
1063.067,0.1627747
1063.549,0.1625073
1064.031,0.1622776
1064.514,0.1620877
1064.996,0.1619255
1065.478,0.1617703
1065.96,0.1616035
1066.442,0.1614173
1066.924,0.1612185
1067.406,0.1610224
1067.888,0.1608431
1068.371,0.160683
1068.853,0.1605307
1069.335,0.1603663
1069.817,0.1601737
1070.299,0.159948
1070.781,0.1596985
1071.263,0.1594418
1071.745,0.1591914
1072.228,0.1589477
1072.71,0.158697
1073.192,0.1584167
1073.674,0.1580881
1074.156,0.1577068
1074.638,0.157284
1075.12,0.1568398
1075.602,0.1563911
1076.084,0.1559421
1076.567,0.1554812
1077.049,0.1549878
1077.531,0.1544439
1078.013,0.1538442
1078.495,0.1531993
1078.977,0.1525301
1079.459,0.1518542
1079.941,0.1511787
1080.424,0.1504958
1080.906,0.1497896
1081.388,0.1490451
1081.87,0.1482593
1082.352,0.1474431
1082.834,0.1466163
1083.316,0.1457968
1083.798,0.1449917
1084.281,0.1441948
1084.763,0.1433922
1085.245,0.1425714
1085.727,0.1417295
1086.209,0.1408759
1086.691,0.1400266
1087.173,0.1391964
1087.655,0.1383886
1088.137,0.1375951
1088.62,0.1367998
1089.102,0.1359897
1089.584,0.1351606
1090.066,0.1343206
1090.548,0.1334835
1091.03,0.1326618
1091.512,0.1318581
1091.994,0.1310647
1092.476,0.1302669
1092.958,0.1294535
1093.441,0.1286236
1093.923,0.1277884
1094.405,0.1269657
1094.887,0.126171
1095.369,0.1254111
1095.851,0.1246807
1096.333,0.1239669
1096.815,0.1232573
1097.298,0.1225473
1097.78,0.1218422
1098.262,0.1211542
1098.744,0.1204937
1099.226,0.119864
1099.708,0.1192586
1100.19,0.1186656
1100.672,0.1180729
1101.155,0.1174762
1101.637,0.11688
1102.119,0.1162953
1102.601,0.1157322
1103.083,0.1151947
1103.565,0.1146784
1104.047,0.114174
1104.529,0.1136728
1105.011,0.1131716
1105.494,0.1126743
1105.976,0.1121891
1106.458,0.1117229
1106.94,0.1112762
1107.422,0.1108427
1107.904,0.1104118
1108.386,0.1099753
1108.868,0.1095309
1109.351,0.1090836
1109.833,0.1086418
1110.315,0.1082118
1110.797,0.1077938
1111.279,0.1073811
1111.761,0.1069638
1112.243,0.106535
1112.725,0.1060953
1113.208,0.1056533
1113.69,0.1052213
1114.172,0.1048094
1114.654,0.1044208
1115.136,0.1040502
1115.618,0.1036873
1116.1,0.1033225
1116.582,0.102952
1117.064,0.102579
1117.547,0.1022114
1118.029,0.1018559
1118.511,0.1015149
1118.993,0.1011842
1119.475,0.1008564
1119.957,0.1005248
1120.439,0.1001874
1120.921,0.09984682
1121.403,0.09950864
1121.885,0.09917564
1122.368,0.09884523
1122.85,0.09850915
1123.332,0.0981577
1123.814,0.09778462
1124.296,0.09739091
1124.778,0.09698473
1125.26,0.09657782
1125.742,0.09617975
1126.225,0.09579309
1126.707,0.09541257
1127.189,0.09502815
1127.671,0.09463113
1128.153,0.09421799
1128.635,0.09379255
1129.117,0.093363
1129.599,0.09293804
1130.082,0.0925219
1130.564,0.09211296
1131.046,0.09170569
1131.528,0.09129433
1132.01,0.09087662
1132.492,0.09045492
1132.974,0.0900344
1133.456,0.08961979
1133.938,0.08921257
1134.421,0.08881059
1134.903,0.0884101
1135.385,0.08800948
1135.867,0.08761195
1136.349,0.08722556
1136.831,0.08686053
1137.313,0.08652426
1137.795,0.08621873
1138.278,0.08593921
1138.76,0.08567718
1139.242,0.08542372
1139.724,0.08517391
1140.206,0.08492808
1140.688,0.08469051
1141.17,0.08446562
1141.652,0.08425494
1142.135,0.0840558
1142.617,0.08386276
1143.099,0.08367035
1143.581,0.0834759
1144.063,0.0832804
1144.545,0.08308706
1145.027,0.08289825
1145.509,0.08271322
1145.991,0.08252715
1146.474,0.0823331
1146.956,0.08212548
1147.438,0.08190214
1147.92,0.08166531
1148.402,0.08141945
1148.884,0.08116841
1149.366,0.08091231
1149.848,0.08064705
1150.33,0.08036591
1150.813,0.08006301
1151.295,0.07973618
1151.777,0.07938804
1152.259,0.07902434
1152.741,0.07865121
1153.223,0.07827248
1153.705,0.07788827
1154.187,0.07749613
1154.669,0.07709319
1155.152,0.07667878
1155.634,0.07625461
1156.116,0.07582418
1156.598,0.07539039
1157.08,0.07495412
1157.562,0.0745137
1158.044,0.07406633
1158.526,0.07360995
1159.009,0.07314508
1159.491,0.07267468
1159.973,0.0722034
1160.455,0.07173457
1160.937,0.07126906
1161.419,0.07080493
1161.901,0.07033884
1162.383,0.06986783
1162.865,0.06939087
1163.348,0.06890912
1163.83,0.06842481
1164.312,0.06793942
1164.794,0.06745299
1165.276,0.06696362
1165.758,0.06646922
1166.24,0.06596926
1166.722,0.06546559
1167.205,0.06496228
1167.687,0.06446365
1168.169,0.0639728
1168.651,0.06349
1169.133,0.06301288
1169.615,0.06253807
1170.097,0.0620629
1170.579,0.06158715
1171.062,0.06111324
1171.544,0.06064511
1172.026,0.06018672
1172.508,0.05974071
1172.99,0.05930774
1173.472,0.05888707
1173.954,0.05847755
1174.436,0.05807884
1174.918,0.05769118
1175.401,0.05731528
1175.883,0.0569515
1176.365,0.05659933
1176.847,0.05625741
1177.329,0.05592423
1177.811,0.0555988
1178.293,0.05528117
1178.775,0.05497215
1179.257,0.05467284
1179.74,0.0543834
1180.222,0.05410271
1180.704,0.05382847
1181.186,0.05355826
1181.668,0.05329051
1182.15,0.05302553
1182.632,0.05276554
1183.114,0.05251439
1183.596,0.05227633
1184.079,0.0520547
1184.561,0.05185187
1185.043,0.05166598
1185.525,0.05149498
1186.007,0.05133622
1186.489,0.05118742
1186.971,0.05104747
1187.453,0.05091665
1187.936,0.05079679
1188.418,0.05069078
1188.9,0.05060234
1189.382,0.05053462
1189.864,0.05048954
1190.346,0.05046709
1190.828,0.05046532
1191.31,0.05048089
1191.792,0.0505101
1192.275,0.05055047
1192.757,0.05060139
1193.239,0.05066447
1193.721,0.05074257
1194.203,0.05083888
1194.685,0.05095538
1195.167,0.05109204
1195.649,0.05124683
1196.132,0.05141645
1196.614,0.05159765
1197.096,0.0517879
1197.578,0.05198593
1198.06,0.05219147
1198.542,0.05240421
1199.024,0.05262339
1199.506,0.05284743
1199.989,0.05307426
1200.471,0.05330234
1200.953,0.05353134
1201.435,0.05376237
1201.917,0.05399718
1202.399,0.05423716
1202.881,0.05448196
1203.363,0.0547289
1203.845,0.05497343
1204.328,0.05521044
1204.81,0.05543619
1205.292,0.05564927
1205.774,0.05585117
1206.256,0.05604533
1206.738,0.05623608
1207.22,0.05642695
1207.702,0.0566201
1208.184,0.05681637
1208.667,0.05701583
1209.149,0.05721826
1209.631,0.05742323
1210.113,0.05762991
1210.595,0.05783663
1211.077,0.05804072
1211.559,0.05823936
1212.041,0.05843032
1212.523,0.05861303
1213.006,0.05878869
1213.488,0.05895992
1213.97,0.05912915
1214.452,0.05929731
1214.934,0.0594633
1215.416,0.05962452
1215.898,0.05977844
1216.38,0.05992405
1216.863,0.06006277
1217.345,0.060198
1217.827,0.06033373
1218.309,0.06047262
1218.791,0.06061503
1219.273,0.06075918
1219.755,0.06090264
1220.237,0.06104388
1220.719,0.06118339
1221.202,0.06132342
1221.684,0.06146673
1222.166,0.06161478
1222.648,0.06176666
1223.13,0.06191939
1223.612,0.06206949
1224.094,0.06221497
1224.576,0.06235657
1225.059,0.06249765
1225.541,0.06264256
1226.023,0.06279489
1226.505,0.06295565
1226.987,0.06312335
1227.469,0.0632951
1227.951,0.06346874
1228.433,0.06364388
1228.916,0.06382201
1229.398,0.06400503
1229.88,0.06419349
1230.362,0.06438529
1230.844,0.06457625
1231.326,0.06476153
1231.808,0.06493811
1232.29,0.0651063
1232.772,0.06526966
1233.255,0.06543303
1233.737,0.06559968
1234.219,0.06576969
1234.701,0.06593948
1235.183,0.06610372
1235.665,0.0662576
1236.147,0.06639941
1236.629,0.06653091
1237.111,0.06665615
1237.594,0.06677868
1238.076,0.06689991
1238.558,0.06701826
1239.04,0.06713057
1239.522,0.06723409
1240.004,0.06732848
1240.486,0.06741599
1240.968,0.06750033
1241.45,0.06758422
1241.933,0.06766754
1242.415,0.06774704
1242.897,0.0678178
1243.379,0.06787587
1243.861,0.06791989
1244.343,0.0679518
1244.825,0.06797531
1245.307,0.06799371
1245.79,0.06800766
1246.272,0.06801495
1246.754,0.06801164
1247.236,0.06799463
1247.718,0.06796336
1248.2,0.06792033
1248.682,0.06786957
1249.164,0.06781464
1249.646,0.06775667
1250.129,0.06769402
1250.611,0.06762349
1251.093,0.06754265
1251.575,0.06745153
1252.057,0.06735306
1252.539,0.06725165
1253.021,0.06715098
1253.503,0.0670526
1253.986,0.06695537
1254.468,0.06685675
1254.95,0.06675461
1255.432,0.06664869
1255.914,0.06654067
1256.396,0.06643295
1256.878,0.06632683
1257.36,0.06622148
1257.843,0.06611422
1258.325,0.06600247
1258.807,0.06588561
1259.289,0.0657662
1259.771,0.06564905
1260.253,0.06553915
1260.735,0.06543865
1261.217,0.06534556
1261.699,0.0652541
1262.182,0.06515745
1262.664,0.06505103
1263.146,0.06493425
1263.628,0.06481059
1264.11,0.06468517
1264.592,0.06456221
1265.074,0.06444255
1265.556,0.06432374
1266.038,0.06420163
1266.521,0.06407328
1267.003,0.06393844
1267.485,0.0637999
1267.967,0.06366155
1268.449,0.06352626
1268.931,0.06339415
1269.413,0.06326278
1269.895,0.06312858
1270.377,0.06298942
1270.86,0.06284601
1271.342,0.06270178
1271.824,0.06256074
1272.306,0.06242512
1272.788,0.06229376
1273.27,0.06216243
1273.752,0.06202596
1274.234,0.06188088
1274.717,0.06172747
1275.199,0.06156973
1275.681,0.06141369
1276.163,0.06126431
1276.645,0.06112355
1277.127,0.06098988
1277.609,0.06085994
1278.091,0.06073082
1278.573,0.06060231
1279.056,0.06047716
1279.538,0.06035991
1280.02,0.06025429
1280.502,0.06016109
1280.984,0.0600777
1281.466,0.05999935
1281.948,0.05992156
1282.43,0.05984208
1282.913,0.05976179
1283.395,0.0596836
1283.877,0.05961053
1284.359,0.05954365
1284.841,0.0594815
1285.323,0.05942103
1285.805,0.05935979
1286.287,0.05929747
1286.77,0.05923672
1287.252,0.05918188
1287.734,0.0591371
1288.216,0.05910419
1288.698,0.05908184
1289.18,0.05906641
1289.662,0.0590538
1290.144,0.05904151
1290.626,0.05902925
1291.109,0.05901835
1291.591,0.05901014
1292.073,0.05900452
1292.555,0.05899948
1293.037,0.05899213
1293.519,0.05898041
1294.001,0.05896466
1294.483,0.058948
1294.965,0.05893523
1295.448,0.05893052
1295.93,0.05893572
1296.412,0.05894955
1296.894,0.05896865
1297.376,0.05898922
1297.858,0.05900919
1298.34,0.05902887
1298.822,0.05905035
1299.304,0.05907569
1299.787,0.0591053
1300.269,0.05913734
1300.751,0.05916872
1301.233,0.0591969
1301.715,0.05922149
1302.197,0.05924483
1302.679,0.05927088
1303.161,0.05930345
1303.644,0.05934402
1304.126,0.05939132
1304.608,0.05944213
1305.09,0.05949342
1305.572,0.05954411
1306.054,0.05959582
1306.536,0.05965167
1307.018,0.05971428
1307.5,0.05978359
1307.983,0.05985633
1308.465,0.05992679
1308.947,0.05998958
1309.429,0.06004213
1309.911,0.06008592
1310.393,0.06012567
1310.875,0.06016702
1311.357,0.06021434
1311.84,0.06026871
1312.322,0.06032791
1312.804,0.06038747
1313.286,0.06044331
1313.768,0.06049288
1314.25,0.0605357
1314.732,0.0605724
1315.214,0.06060384
1315.697,0.06063046
1316.179,0.06065266
1316.661,0.06067231
1317.143,0.06069346
1317.625,0.06072172
1318.107,0.06076261
1318.589,0.06081877
1319.071,0.06088839
1319.553,0.06096475
1320.036,0.06103913
1320.518,0.06110415
1321.0,0.06115657
1321.482,0.06119815
1321.964,0.06123421
1322.446,0.06127091
1322.928,0.06131173
1323.41,0.06135644
1323.892,0.06140149
1324.375,0.06144267
1324.857,0.06147723
1325.339,0.06150566
1325.821,0.06153104
1326.303,0.06155727
1326.785,0.06158651
1327.267,0.06161814
1327.749,0.06164925
1328.231,0.06167687
1328.714,0.06170034
1329.196,0.06172239
1329.678,0.06174836
1330.16,0.06178365
1330.642,0.0618312
1331.124,0.06188957
1331.606,0.06195342
1332.088,0.06201551
1332.571,0.06207008
1333.053,0.06211446
1333.535,0.06214936
1334.017,0.06217691
1334.499,0.06219871
1334.981,0.0622142
1335.463,0.06222121
1335.945,0.06221812
1336.427,0.06220692
1336.91,0.06219485
1337.392,0.06219532
1337.874,0.06222485
1338.356,0.06229848
1338.838,0.0624244
1339.32,0.0625997
1339.802,0.06281032
1340.284,0.06303471
1340.767,0.06325297
1341.249,0.06345188
1341.731,0.06362671
1342.213,0.0637785
1342.695,0.0639115
1343.177,0.06403094
1343.659,0.06414152
1344.141,0.06424813
1344.624,0.06435528
1345.106,0.06446671
1345.588,0.06458433
1346.07,0.06470793
1346.552,0.06483576
1347.034,0.06496578
1347.516,0.06509756
1347.998,0.06523322
1348.48,0.06537688
1348.963,0.06553257
1349.445,0.06570141
1349.927,0.06587961
1350.409,0.06605919
1350.891,0.06623039
1351.373,0.06638563
1351.855,0.06652314
1352.337,0.06664784
1352.819,0.06676961
1353.302,0.06689851
1353.784,0.06704123
1354.266,0.06719803
1354.748,0.0673637
1355.23,0.06753004
1355.712,0.06769051
1356.194,0.06784296
1356.676,0.06798925
1357.158,0.06813256
1357.641,0.0682738
1358.123,0.06840982
1358.605,0.0685342
1359.087,0.06864093
1359.569,0.06872875
1360.051,0.06880417
1360.533,0.06888229
1361.015,0.06898419
1361.498,0.06912955
1361.98,0.06932933
1362.462,0.06957807
1362.944,0.06985547
1363.426,0.07013194
1363.908,0.07038242
1364.39,0.07059409
1364.872,0.07076642
1365.354,0.07090621
1365.837,0.07102166
1366.319,0.07112181
1366.801,0.07121524
1367.283,0.07131123
1367.765,0.07141909
1368.247,0.07154504
1368.729,0.07168859
1369.211,0.07183979
1369.694,0.0719825
1370.176,0.07209887
1370.658,0.07217643
1371.14,0.07221287
1371.622,0.07221846
1372.104,0.07221457
1372.586,0.0722267
1373.068,0.07227924
1373.551,0.07238472
1374.033,0.07253856
1374.515,0.07271735
1374.997,0.07289103
1375.479,0.07303698
1375.961,0.07314632
1376.443,0.07322299
1376.925,0.07327579
1377.407,0.07331323
1377.89,0.0733391
1378.372,0.07335413
1378.854,0.07335831
1379.336,0.0733536
1379.818,0.07334373
1380.3,0.07333227
1380.782,0.07331949
1381.264,0.07330068
1381.746,0.07326669
1382.229,0.07320818
1382.711,0.07311969
1383.193,0.07300352
1383.675,0.07286925
1384.157,0.07273127
1384.639,0.07260353
1385.121,0.07249576
1385.603,0.07241535
1386.085,0.07236698
1386.568,0.07235307
1387.05,0.07236949
1387.532,0.07240393
1388.014,0.07243637
1388.496,0.07244475
1388.978,0.07241432
1389.46,0.07234021
1389.942,0.07222812
1390.425,0.07209048
1390.907,0.07194348
1391.389,0.07180216
1391.871,0.0716749
1392.353,0.07156486
1392.835,0.07147029
1393.317,0.07138903
1393.799,0.07132281
1394.281,0.07127619
1394.764,0.07125226
1395.246,0.07124528
1395.728,0.07124417
1396.21,0.07123827
1396.692,0.0712231
1397.174,0.0712027
1397.656,0.07118922
1398.138,0.07120072
1398.621,0.07125212
1399.103,0.07134663
1399.585,0.07146756
1400.067,0.07158509
1400.549,0.07166663
1401.031,0.07169255
1401.513,0.07166129
1401.995,0.07158799
1402.478,0.07149803
1402.96,0.07141854
1403.442,0.07137506
1403.924,0.07138139
1404.406,0.07143543
1404.888,0.07151724
1405.37,0.07159986
1405.852,0.07166094
1406.334,0.07168997
1406.817,0.07168903
1407.299,0.07166638
1407.781,0.0716304
1408.263,0.07158497
1408.745,0.07153146
1409.227,0.0714718
1409.709,0.07141104
1410.191,0.07135785
1410.673,0.07132053
1411.156,0.07130203
1411.638,0.07129554
1412.12,0.07128555
1412.602,0.07125372
1413.084,0.07118442
1413.566,0.07107128
1414.048,0.07091812
1414.53,0.07073729
1415.012,0.07054345
1415.495,0.07034856
1415.977,0.07015958
1416.459,0.06997858
1416.941,0.06980808
1417.423,0.06965879
1417.905,0.06955084
1418.387,0.06950615
1418.869,0.06952335
1419.352,0.0695626
1419.834,0.06955172
1420.316,0.06942841
1420.798,0.0691745
1421.28,0.06881537
1421.762,0.06840242
1422.244,0.06798735
1422.726,0.06761259
1423.208,0.06729928
1423.691,0.06704695
1424.173,0.06683558
1424.655,0.06663632
1425.137,0.06642426
1425.619,0.06618729
1426.101,0.06592725
1426.583,0.06565186
1427.065,0.06536739
1427.548,0.06507324
1428.03,0.06476662
1428.512,0.06444706
1428.994,0.06412122
1429.476,0.06380144
1429.958,0.06350058
1430.44,0.06322498
1430.922,0.06296919
1431.405,0.06271823
1431.887,0.06245653
1432.369,0.06217594
1432.851,0.0618822
1433.333,0.0615915
1433.815,0.06132432
1434.297,0.06109282
1434.779,0.06089756
1435.261,0.06073187
1435.744,0.06058707
1436.226,0.06045403
1436.708,0.06031464
1437.19,0.06014595
1437.672,0.05992669
1438.154,0.05965432
1438.636,0.05934538
1439.118,0.05902327
1439.6,0.05870687
1440.083,0.05840452
1440.565,0.0581196
1441.047,0.05785286
1441.529,0.05760523
1442.011,0.05737769
1442.493,0.05716762
1442.975,0.05696763
1443.457,0.05676642
1443.939,0.05655423
1444.422,0.05632708
1444.904,0.05608985
1445.386,0.05585403
1445.868,0.05563449
1446.35,0.05544423
1446.832,0.05528937
1447.314,0.05516671
1447.796,0.05506333
1448.279,0.05496312
1448.761,0.05485042
1449.243,0.05471745
1449.725,0.05456413
1450.207,0.05439391
1450.689,0.05420863
1451.171,0.05400732
1451.653,0.05379078
1452.135,0.05356582
1452.618,0.05334799
1453.1,0.0531586
1453.582,0.0530156
1454.064,0.05292249
1454.546,0.05286153
1455.028,0.05279315
1455.51,0.05267612
1455.992,0.05249724
1456.475,0.0522898
1456.957,0.05210574
1457.439,0.05195787
1457.921,0.05181215
1458.403,0.05162389
1458.885,0.05138284
1459.367,0.05110924
1459.849,0.05083112
1460.332,0.05056834
1460.814,0.05032692
1461.296,0.05010442
1461.778,0.04989121
1462.26,0.04967539
1462.742,0.04944912
1463.224,0.04921043
1463.706,0.0489676
1464.188,0.04873472
1464.671,0.04852219
1465.153,0.04832276
1465.635,0.04811155
1466.117,0.04786297
1466.599,0.04756123
1467.081,0.04720789
1467.563,0.04681628
1468.045,0.04640637
1468.527,0.04599525
1469.01,0.04559078
1469.492,0.04519081
1469.974,0.04478112
1470.456,0.04433838
1470.938,0.0438443
1471.42,0.04329717
1471.902,0.04272202
1472.384,0.04215809
1472.866,0.04163485
1473.349,0.0411517
1473.831,0.04068455
1474.313,0.04021552
1474.795,0.0397447
1475.277,0.03929123
1475.759,0.0388785
1476.241,0.03852367
1476.723,0.03822637
1477.206,0.03796894
1477.688,0.03772503
1478.17,0.03747215
1478.652,0.03720062
1479.134,0.03691469
1479.616,0.03662843
1480.098,0.03635773
1480.58,0.03611619
1481.063,0.03590767
1481.545,0.03572607
1482.027,0.03555747
1482.509,0.03538937
1482.991,0.03521543
1483.473,0.0350363
1483.955,0.0348551
1484.437,0.03467367
1484.919,0.03449007
1485.402,0.03429853
1485.884,0.03409385
1486.366,0.03387538
1486.848,0.03365076
1487.33,0.03343682
1487.812,0.03325745
1488.294,0.0331389
1488.776,0.03310435
1489.259,0.03316484
1489.741,0.03331232
1490.223,0.03351467
1490.705,0.03372852
1491.187,0.03391451
1491.669,0.03405016
1492.151,0.03413408
1492.633,0.03417953
1493.115,0.03420565
1493.598,0.03422704
1494.08,0.0342528
1494.562,0.0342879
1495.044,0.03433501
1495.526,0.03439999
1496.008,0.03448632
1496.49,0.03458998
1496.972,0.03469383
1497.454,0.03478015
1497.937,0.03484351
1498.419,0.03489412
1498.901,0.03494968
1499.383,0.03502261
1499.865,0.03511338
1500.347,0.03521139
1500.829,0.03530368
1501.311,0.03538436
1501.793,0.03546086
1502.276,0.03555065
1502.758,0.03567209
1503.24,0.0358302
1503.722,0.0360065
1504.204,0.03615581
1504.686,0.03621578
1505.168,0.03614597
1505.65,0.03598159
1506.133,0.0358652
1506.615,0.03597276
1507.097,0.03633643
1507.579,0.03679077
1508.061,0.03714196
1508.543,0.03732525
1509.025,0.03738408
1509.507,0.03739724
1509.99,0.03742632
1510.472,0.03750249
1510.954,0.03762726
1511.436,0.03777751
1511.918,0.03791863
1512.4,0.03801744
1512.882,0.03805609
1513.364,0.03803479
1513.846,0.03797021
1514.329,0.03788546
1514.811,0.03780672
1515.293,0.03775826
1515.775,0.0377609
1516.257,0.03782581
1516.739,0.03794757
1517.221,0.03810687
1517.703,0.03827951
1518.186,0.03845195
1518.668,0.03861918
1519.15,0.03878099
1519.632,0.03893532
1520.114,0.03908981
1520.596,0.03927116
1521.078,0.03951123
1521.56,0.03980788
1522.042,0.0401054
1522.525,0.04033741
1523.007,0.04047312
1523.489,0.04053088
1523.971,0.04055196
1524.453,0.04058173
1524.935,0.04065542
1525.417,0.04079326
1525.899,0.04100074
1526.381,0.04126408
1526.864,0.04155554
1527.346,0.04184249
1527.828,0.04210223
1528.31,0.04232573
1528.792,0.0425123
1529.274,0.04266441
1529.756,0.04278405
1530.238,0.04287407
1530.72,0.04293912
1531.203,0.04299094
1531.685,0.04305413
1532.167,0.04316815
1532.649,0.04338592
1533.131,0.043742
1533.613,0.04421462
1534.095,0.04471019
1534.577,0.04512332
1535.06,0.04540382
1535.542,0.04556808
1536.024,0.04567081
1536.506,0.04576259
1536.988,0.04587321
1537.47,0.0460022
1537.952,0.04613524
1538.434,0.04627366
1538.917,0.04645558
1539.399,0.04674717
1539.881,0.04718283
1540.363,0.04771702
1540.845,0.04823969
1541.327,0.04866301
1541.809,0.0489619
1542.291,0.04916698
1542.773,0.04933326
1543.256,0.0495166
1543.738,0.0497643
1544.22,0.05009791
1544.702,0.05050276
1545.184,0.05092885
1545.666,0.05131335
1546.148,0.05160909
1546.63,0.05180028
1547.113,0.05190471
1547.595,0.05196252
1548.077,0.052028
1548.559,0.05215415
1549.041,0.05238179
1549.523,0.05271876
1550.005,0.05313435
1550.487,0.05356854
1550.969,0.05396808
1551.452,0.05431152
1551.934,0.05460892
1552.416,0.05488771
1552.898,0.0551737
1553.38,0.05548459
1553.862,0.05581825
1554.344,0.05615441
1554.826,0.05645875
1555.308,0.05670694
1555.791,0.05689215
1556.273,0.05702177
1556.755,0.05710742
1557.237,0.05718263
1557.719,0.05736966
1558.201,0.05791942
1558.683,0.05908525
1559.165,0.06073347
1559.647,0.06229905
1560.13,0.06332294
1560.612,0.06376427
1561.094,0.06380548
1561.576,0.06365706
1562.058,0.06347974
1562.54,0.063372
1563.022,0.06339218
1563.504,0.0635657
1563.987,0.06389272
1564.469,0.06434643
1564.951,0.06487373
1565.433,0.06540786
1565.915,0.06588773
1566.397,0.06628434
1566.879,0.06660605
1567.361,0.06689624
1567.844,0.06722003
1568.326,0.06765713
1568.808,0.06827592
1569.29,0.06909104
1569.772,0.07002742
1570.254,0.07094461
1570.736,0.07171829
1571.218,0.07229809
1571.7,0.07271366
1572.183,0.07303569
1572.665,0.0733409
1573.147,0.07368755
1573.629,0.0741083
1574.111,0.07462239
1574.593,0.07524794
1575.075,0.07601282
1575.557,0.07694329
1576.04,0.07801384
1576.522,0.07911522
1577.004,0.08008811
1577.486,0.08082943
1577.968,0.08133725
1578.45,0.08169037
1578.932,0.08198754
1579.414,0.08231166
1579.896,0.08271129
1580.379,0.08319672
1580.861,0.08375151
1581.343,0.08434172
1581.825,0.08493544
1582.307,0.0855101
1582.789,0.08606347
1583.271,0.08660708
1583.753,0.08715715
1584.235,0.08772293
1584.718,0.08830016
1585.2,0.08887422
1585.682,0.08942782
1586.164,0.08995115
1586.646,0.09044523
1587.128,0.09092113
1587.61,0.09139221
1588.092,0.09186685
1588.574,0.09234463
1589.057,0.09281655
1589.539,0.09327196
1590.021,0.09370445
1590.503,0.09411556
1590.985,0.09451221
1591.467,0.09490193
1591.949,0.09528746
1592.431,0.09566545
1592.914,0.09602863
1593.396,0.09637082
1593.878,0.09669253
1594.36,0.09700035
1594.842,0.09730429
1595.324,0.09760959
1595.806,0.09791298
1596.288,0.09820113
1596.771,0.09845776
1597.253,0.09866985
1597.735,0.09883438
1598.217,0.09895863
1598.699,0.09905622
1599.181,0.09914038
1599.663,0.09921757
1600.145,0.09928696
1600.627,0.09934225
1601.11,0.09937811
1601.592,0.09939381
1602.074,0.09939564
1602.556,0.09939301
1603.038,0.09939328
1603.52,0.09939601
1604.002,0.0993925
1604.484,0.09936929
1604.967,0.09931581
1605.449,0.0992294
1605.931,0.09911778
1606.413,0.09899475
1606.895,0.09887594
1607.377,0.09877186
1607.859,0.09868428
1608.341,0.09860617
1608.823,0.09852613
1609.306,0.09843538
1609.788,0.0983292
1610.27,0.09820702
1610.752,0.09806768
1611.234,0.09790728
1611.716,0.09771936
1612.198,0.09750048
1612.68,0.09725478
1613.162,0.09699573
1613.645,0.09674295
1614.127,0.09651828
1614.609,0.09633766
1615.091,0.09621359
1615.573,0.09615607
1616.055,0.09616359
1616.537,0.09620333
1617.019,0.09620303
1617.501,0.09609053
1617.984,0.09582959
1618.466,0.09544107
1618.948,0.09497859
1619.43,0.09449762
1619.912,0.09403525
1620.394,0.09360243
1620.876,0.09319963
1621.358,0.09282383
1621.841,0.09248172
1622.323,0.09219236
1622.805,0.09197171
1623.287,0.09181295
1623.769,0.09167391
1624.251,0.09150121
1624.733,0.09125388
1625.215,0.09092256
1625.698,0.09052583
1626.18,0.09010196
1626.662,0.08969379
1627.144,0.089334
1627.626,0.08903718
1628.108,0.08879077
1628.59,0.08856372
1629.072,0.0883164
1629.554,0.08802281
1630.037,0.08767793
1630.519,0.08729551
1631.001,0.0868969
1631.483,0.08650137
1631.965,0.08612106
1632.447,0.08575429
1632.929,0.08538883
1633.411,0.08500879
1633.894,0.08460426
1634.376,0.08419047
1634.858,0.08381619
1635.34,0.08353955
1635.822,0.08336506
1636.304,0.08321379
1636.786,0.08299155
1637.268,0.08265423
1637.75,0.08223033
1638.233,0.08177888
1638.715,0.08135194
1639.197,0.08097205
1639.679,0.08062983
1640.161,0.08030015
1640.643,0.07995542
1641.125,0.07958215
1641.607,0.07918601
1642.089,0.07878697
1642.572,0.07840735
1643.054,0.07805796
1643.536,0.07772824
1644.018,0.0773882
1644.5,0.07700146
1644.982,0.07654148
1645.464,0.07601705
1645.946,0.07547982
1646.428,0.07500638
1646.911,0.07464188
1647.393,0.07436164
1647.875,0.07410289
1648.357,0.07381527
1648.839,0.07350579
1649.321,0.07321973
1649.803,0.07300995
1650.285,0.0728941
1650.768,0.07283425
1651.25,0.0727479
1651.732,0.07253712
1652.214,0.07217713
1652.696,0.07177079
1653.178,0.07146202
1653.66,0.07123157
1654.142,0.07092228
1654.625,0.07045136
1655.107,0.06984846
1655.589,0.0691921
1656.071,0.06854794
1656.553,0.06795199
1657.035,0.0674115
1657.517,0.06691629
1657.999,0.06645372
1658.481,0.06601235
1658.964,0.06558172
1659.446,0.06515384
1659.928,0.06472018
1660.41,0.06427491
1660.892,0.06381962
1661.374,0.06336486
1661.856,0.06293067
1662.338,0.06253412
1662.821,0.06217721
1663.303,0.06183596
1663.785,0.06147319
1664.267,0.0610641
1664.749,0.06060638
1665.231,0.06011833
1665.713,0.05962253
1666.195,0.05913801
1666.677,0.05866829
1667.16,0.0582017
1667.642,0.05772079
1668.124,0.05721378
1668.606,0.05668614
1669.088,0.05616281
1669.57,0.05567707
1670.052,0.05525035
1670.534,0.05487544
1671.016,0.05452827
1671.499,0.05418419
1671.981,0.05383054
1672.463,0.05346696
1672.945,0.05309827
1673.427,0.05273021
1673.909,0.05236282
1674.391,0.0520005
1674.873,0.05164335
1675.355,0.05128245
1675.838,0.05089056
1676.32,0.05044387
1676.802,0.04994283
1677.284,0.04940898
1677.766,0.04887165
1678.248,0.04834945
1678.73,0.04785047
1679.212,0.04737165
1679.695,0.0469103
1680.177,0.04647037
1680.659,0.04606302
1681.141,0.04570165
1681.623,0.04539202
1682.105,0.04512292
1682.587,0.04487575
1683.069,0.0446461
1683.552,0.04446089
1684.034,0.04434556
1684.516,0.04426161
1684.998,0.04411786
1685.48,0.04383646
1685.962,0.04341213
1686.444,0.04289339
1686.926,0.04234576
1687.408,0.0418234
1687.891,0.0413589
1688.373,0.04096998
1688.855,0.04065883
1689.337,0.04041659
1689.819,0.04022329
1690.301,0.04005296
1690.783,0.03988167
1691.265,0.03969681
1691.748,0.03950402
1692.23,0.03932182
1692.712,0.03917187
1693.194,0.0390601
1693.676,0.03897425
1694.158,0.03888445
1694.64,0.0387611
1695.122,0.03859626
1695.604,0.03840283
1696.087,0.03819858
1696.569,0.03798764
1697.051,0.03778255
1697.533,0.03760971
1698.015,0.03749653
1698.497,0.03744857
1698.979,0.03745464
1699.461,0.0375097
1699.943,0.03761499
1700.426,0.03773833
1700.908,0.03778648
1701.39,0.03767757
1701.872,0.0374053
1702.354,0.03703855
1702.836,0.03666157
1703.318,0.03633995
1703.8,0.03610619
1704.282,0.03596793
1704.765,0.03592599
1705.247,0.03597207
1705.729,0.03608525
1706.211,0.03622757
1706.693,0.03636288
1707.175,0.03647023
1707.657,0.03654563
1708.139,0.03659528
1708.622,0.03662908
1709.104,0.03665715
1709.586,0.0366864
1710.068,0.03671944
1710.55,0.03675357
1711.032,0.0367829
1711.514,0.03680027
1711.996,0.0368019
1712.479,0.03678992
1712.961,0.03677596
1713.443,0.03677797
1713.925,0.03681429
1714.407,0.03689478
1714.889,0.03701636
1715.371,0.0371647
1715.853,0.03732429
1716.335,0.03748934
1716.818,0.03766835
1717.3,0.03787172
1717.782,0.03808931
1718.264,0.03828229
1718.746,0.03840439
1719.228,0.038436
1719.71,0.03838862
1720.192,0.03829421
1720.675,0.03818554
1721.157,0.03808862
1721.639,0.03801878
1722.121,0.03798046
1722.603,0.03797285
1723.085,0.03798999
1723.567,0.03802285
1724.049,0.03805849
1724.531,0.038084
1725.014,0.03808939
1725.496,0.03806825
1725.978,0.03801838
1726.46,0.03793982
1726.942,0.03783491
1727.424,0.03770658
1727.906,0.03756051
1728.388,0.03740612
1728.87,0.03725705
1729.353,0.03712932
1729.835,0.03703789
1730.317,0.03699478
1730.799,0.03700443
1731.281,0.03706235
1731.763,0.03715093
1732.245,0.03724741
1732.727,0.03733378
1733.209,0.03741009
1733.692,0.03748823
1734.174,0.03755478
1734.656,0.03755423
1735.138,0.03742199
1735.62,0.03714857
1736.102,0.03678025
1736.584,0.03638686
1737.066,0.0360231
1737.549,0.03571798
1738.031,0.03547714
1738.513,0.0352897
1738.995,0.03513899
1739.477,0.03500136
1739.959,0.03485059
1740.441,0.03465971
1740.923,0.03441551
1741.406,0.03412284
1741.888,0.03380059
1742.37,0.03347197
1742.852,0.0331559
1743.334,0.03286316
1743.816,0.03259231
1744.298,0.03233332
1744.78,0.03207142
1745.262,0.0317953
1745.745,0.03150018
1746.227,0.03119154
1746.709,0.03088159
1747.191,0.03058787
1747.673,0.03032665
1748.155,0.03010878
1748.637,0.02993636
1749.119,0.029805
1749.602,0.02970783
1750.084,0.02963683
1750.566,0.02958044
1751.048,0.02952005
1751.53,0.0294286
1752.012,0.02928074
1752.494,0.02906721
1752.976,0.02879728
1753.458,0.0284946
1753.941,0.02818446
1754.423,0.02788668
1754.905,0.02760947
1755.387,0.02735288
1755.869,0.02711459
1756.351,0.02689151
1756.833,0.02667976
1757.315,0.02647403
1757.797,0.02627244
1758.28,0.02607527
1758.762,0.02588354
1759.244,0.02569457
1759.726,0.02550252
1760.208,0.02530124
1760.69,0.02508877
1761.172,0.02487273
1761.654,0.02466609
1762.136,0.02447957
1762.619,0.02431138
1763.101,0.02414994
1763.583,0.02398269
1764.065,0.02380242
1764.547,0.02361065
1765.029,0.02341306
1765.511,0.02321747
1765.993,0.02302744
1766.476,0.02284505
1766.958,0.0226694
1767.44,0.0224972
1767.922,0.02232158
1768.404,0.02213589
1768.886,0.02194041
1769.368,0.02174239
1769.85,0.02155443
1770.333,0.02138661
1770.815,0.02124745
1771.297,0.02114005
1771.779,0.02106135
1772.261,0.02099491
1772.743,0.02091463
1773.225,0.02079707
1773.707,0.0206337
1774.189,0.02043643
1774.672,0.02022788
1775.154,0.02003028
1775.636,0.01985511
1776.118,0.01970272
1776.6,0.01956476
1777.082,0.01942965
1777.564,0.01928788
1778.046,0.0191346
1778.529,0.01897004
1779.011,0.01879906
1779.493,0.01862959
1779.975,0.01847079
1780.457,0.01832998
1780.939,0.01821036
1781.421,0.01811035
1781.903,0.01802368
1782.385,0.0179418
1782.868,0.01785612
1783.35,0.01776008
1783.832,0.01765064
1784.314,0.01752914
1784.796,0.01740033
1785.278,0.01726902
1785.76,0.01713661
1786.242,0.01699989
1786.724,0.01685446
1787.207,0.01669687
1787.689,0.01652734
1788.171,0.01634945
1788.653,0.01617028
1789.135,0.01599793
1789.617,0.01583781
1790.099,0.0156933
1790.581,0.01556446
1791.063,0.01545095
1791.546,0.01535217
1792.028,0.01526682
1792.51,0.01518928
1792.992,0.01510667
1793.474,0.01500541
1793.956,0.01487701
1794.438,0.01472235
1794.92,0.01454983
1795.403,0.01437162
1795.885,0.01419927
1796.367,0.01404003
1796.849,0.01389738
1797.331,0.01376967
1797.813,0.01365133
1798.295,0.01353502
1798.777,0.01341538
1799.26,0.01329192
1799.742,0.01317033
